index,xcoord,ycoord,grc,grc2,msg,msg2,uid,hnum,sname,address,address_c
0,"","",13,"",ADDRESS NBR 718-720  - PORTION AFTER HYPHEN EXCEEDS ALLOWABLE MAXIMUM,"",8fb299eef34a8ce48b524b83cd019524,718-720,BEACH 20TH STREET,718-720 BEACH 20TH STREET,718-720 BEACH 20TH STREET
1,"","",13,"",ADDRESS NBR 718-720  - PORTION AFTER HYPHEN EXCEEDS ALLOWABLE MAXIMUM,"",5e2e32dea585fa3b5382632548113248,718-720,Beach 20th Street,718-720 Beach 20th Street,718-720 Beach 20th Street
2,"","",13,"",ADDRESS NBR 718-720  - PORTION AFTER HYPHEN EXCEEDS ALLOWABLE MAXIMUM,"",698d217b726d79e22c33fac1f21415e0,718-720,Beach 20th Street,718-720 Beach 20th Street,718-720 Beach 20th Street
3,"","",42,"",ADDRESS NUMBER OUT OF RANGE,"",1401a411b4a1812f29dbb0eed774a4f3,73-04,Commonwealth Boulevard,73-04 Commonwealth Boulevard,73-04 Commonwealth Boulevard
4,"","",42,"",ADDRESS NUMBER OUT OF RANGE,"",ec4928e2cd83582bd1972791ead22f81,73-04,Commonwealth Boulevard,73-04 Commonwealth Boulevard,73-04 Commonwealth Boulevard
5,"","",42,"",ADDRESS NUMBER OUT OF RANGE,"",372e1de880b413abefb7ec7eb42926a0,73-04,Commonwealth Boulevard,73-04 Commonwealth Boulevard,73-04 Commonwealth Boulevard
6,"","",EE,"",'AVENUE AT PARSONS BLVD' NOT RECOGNIZED. THERE ARE 010 SIMILAR NAMES.,"",f8f625f18aca10af1ebc5ffb7da3590b,45th,Avenue At Parsons Blvd,45th Avenue At Parsons Blvd,45th Avenue At Parsons Blvd
7,"","",EE,"",'28 STRRET' NOT RECOGNIZED. THERE ARE 005 SIMILAR NAMES.,"",3477a57e8982087cf5386a03d361375a,4209,28 Strret,4209 28 Strret,4209 28 Strret
8,1047479,0218091,00,"","","",3044726a3b96a821cdbaf94816ac740c,39-15a,Bell Boulevard,39-15a Bell Boulevard,39-15a Bell Boulevard
9,"","",42,"",ADDRESS NUMBER OUT OF RANGE,"",249d8700b2d50f79e665684ccc29f22c,1765,Richmond Avenue,1765 Richmond Avenue,1765 Richmond Avenue
10,"","",42,"",ADDRESS NUMBER OUT OF RANGE,"",6058de8e57c1758413b425b0ec472a74,1765,Richmond Avenue,1765 Richmond Avenue,1765 Richmond Avenue
11,"","",EE,"",'HILSIDE AVENUE' NOT RECOGNIZED. THERE ARE 010 SIMILAR NAMES.,"",28bc6b9a396347f482b4e6bd79bcfe5d,197-17,HILSIDE AVENUE,197-17 HILSIDE AVENUE,197-17 HILSIDE AVENUE
12,"","",EE,"",'AVENUE AND 75TH STREET' NOT RECOGNIZED. THERE ARE 010 SIMILAR NAMES.,"",3a985e4e4f7e9e380918b0b824c54bf0,30TH,AVENUE AND 75TH STREET,30TH AVENUE AND 75TH STREET,30TH AVENUE AND 75TH STREET
13,"","",EE,"",'AVENUE AND 75TH STREET' NOT RECOGNIZED. THERE ARE 010 SIMILAR NAMES.,"",81c48855d00ed97c9cb2c23fd3aeb07c,30TH,AVENUE AND 75TH STREET,30TH AVENUE AND 75TH STREET,30TH AVENUE AND 75TH STREET
14,"","",EE,"",'PIERREPOINT PLAZA' NOT RECOGNIZED. THERE ARE 010 SIMILAR NAMES.,"",bb32f48d547aa9732fe7902aa6229318,1,PIERREPOINT PLAZA,1 PIERREPOINT PLAZA,1 PIERREPOINT PLAZA
15,"","",16,"",STREET NAME IS MISSING,"",4ce55b3a4d6258ed4e59dfc426970de4,"","",Now a Family Literacy Center,Now a Family Literacy Center
16,"","",EE,"",'MARKET' NOT RECOGNIZED. THERE ARE 010 SIMILAR NAMES.,"",d6c5000080f6686de7bedb9fd54266c2,77,MARKET,77 MARKET,77 MARKET
17,"","",EE,"",'NEPTUNE' NOT RECOGNIZED. THERE ARE 004 SIMILAR NAMES.,"",743c8390c7b470a3199dc0cdf1e5cc50,293,NEPTUNE,293 NEPTUNE,293 NEPTUNE
18,"","",EE,"",'FREDRICK DOUGLASS' NOT RECOGNIZED. THERE ARE 010 SIMILAR NAMES.,"",ad46770b6f1f9b9f7bcb1bc403eba6a6,2967,FREDRICK DOUGLASS,2967 FREDRICK DOUGLASS,2967 FREDRICK DOUGLASS
19,"","",EE,"",'14 TH STREET' NOT RECOGNIZED. THERE ARE 003 SIMILAR NAMES.,"",eda740be41e61f829cdace887fdda199,199,14 TH STREET,199 14 TH STREET,199 14 TH STREET
20,"","",42,"",ADDRESS NUMBER OUT OF RANGE,"",6a83fca30cbd2f0f91836b844ed169ab,95,OCEANA DRIVE EAST,95 OCEANA DRIVE EAST,95 OCEANA DRIVE EAST
21,1039632,0154985,00,"","","",c880f05f242ae78bab7d934880dcc706,354,BEACH 72 STREET,354 BEACH   72 STREET,354 BEACH 72 STREET
22,"","",16,"",STREET NAME IS MISSING,"",4b8f4c5135c7520584ef2272c8f5698b,"","","Dept of Engl NAC 6th Floor, City College of New York",Dept of Engl NAC 6th Floor City College of New York
23,"","",16,"",STREET NAME IS MISSING,"",43978992a81889627649beaf82d216c0,"","",P.O. Box 20019,PO Box 20019
24,"","",16,"",STREET NAME IS MISSING,"",03428893695f17629b412380e59cfb30,"","",PO Box 1114,PO Box 1114
25,"","",16,"",STREET NAME IS MISSING,"",5bb00513749c10bcbbb45511d84093be,"","",P.O. Box 654,PO Box 654
26,"","",16,"",STREET NAME IS MISSING,"",dbdfd1396fc7267896ec464548e5defd,"","",P.O. Box 575,PO Box 575
27,"","",16,"",STREET NAME IS MISSING,"",facf00797768ce35326edef771e18e00,"","",P.O. Box 205037,PO Box 205037
28,"","",16,"",STREET NAME IS MISSING,"",b3b24dab9aeaf0d3a33b6f624d4275ff,"","",PO Box 1000,PO Box 1000
29,"","",16,"",STREET NAME IS MISSING,"",8e096194973d2eb1f10c08b7270e5cfe,"","",P.O. Box 442,PO Box 442
30,"","",16,"",STREET NAME IS MISSING,"",bbe559587d5ec4ea68425612a1b589e5,"","",P.O. Box 3147,PO Box 3147
31,"","",16,"",STREET NAME IS MISSING,"",9cde22409d24bd368c9937f7f5348538,"","",P.O. Box 756,PO Box 756
32,"","",16,"",STREET NAME IS MISSING,"",f584b0211173323c1ebc5cfc2faff168,"","",P.O. Box 2094,PO Box 2094
33,"","",16,"",STREET NAME IS MISSING,"",aad15d003e8d7994a3bcb25c0c9114e0,"","",c/o Lotus Music and Dance,c/o Lotus Music and Dance
34,1011536,0238110,00,"","","",348b0f5eb99c69a4ef05d7b13abdebf4,851A,Prospect Avenue,851A Prospect Avenue,851A Prospect Avenue
35,"","",EE,"",'PARK WEST AND 79TH STREET' NOT RECOGNIZED. THERE ARE 010 SIMILAR NAMES.,"",e91b52e51673da326f72f1ae79973e5f,Central,Park West and 79th Street,Central Park West and 79th Street,Central Park West and 79th Street
36,"","",16,"",STREET NAME IS MISSING,"",fb2ae5763ff3fb48b485aea501ffcf6c,"","",P.O. Box 20324,PO Box 20324
37,"","",16,"",STREET NAME IS MISSING,"",4cb5f16d180138b9963f765194c271be,"","",c/o Five Myles Gallery,c/o Five Myles Gallery
38,"","",16,"",STREET NAME IS MISSING,"",c0948ee2917f7f9f22214b9026f1ffc3,"","",Audubon Center@ Columbia University,Audubon Center Columbia University
39,"","",16,"",STREET NAME IS MISSING,"",d25c1422895602df4d8b41cabf8422d2,"","",P.O. Box 20260,PO Box 20260
40,"","",16,"",STREET NAME IS MISSING,"",da883f1ae8c916d3ec34bc151c08c3e9,"","",The Joan Weill Center for Dance,The Joan Weill Center for Dance
41,"","",16,"",STREET NAME IS MISSING,"",affb07fd808bd93b0e60035432481409,"","",America SCORES New York,America SCORES New York
42,"","",16,"",STREET NAME IS MISSING,"",1b3701192aca1498bb09522ea732774c,"","",P.O. box 20138,PO box 20138
43,"","",16,"",STREET NAME IS MISSING,"",fcabc542b74ab0a2ca2f4d020b1e41e2,"","",PO Box 470,PO Box 470
44,"","",13,"",ADDRESS NBR BROADWAY  HAS AN UNKNOWN OR INVALID SUFFIX/ENDING.,"",92ee75df8c2b4db399534dd4239b8a94,Broadway,155th Street,Broadway @ 155th Street,Broadway 155th Street
45,"","",16,"",STREET NAME IS MISSING,"",68618cb39b07fd41b1ee46894a6810bd,"","",PO Box 150240,PO Box 150240
46,"","",16,"",STREET NAME IS MISSING,"",31abca4bec7a27808a1788bb26e7dbb5,"","",P.O. Box 231368,PO Box 231368
47,"","",16,"",STREET NAME IS MISSING,"",447b754c988bdbfd10039bc74b21b52a,"","",P.O. Box 1765,PO Box 1765
48,"","",16,"",STREET NAME IS MISSING,"",d0f91529122d21d9d55fe7c79faf4375,"","",P.O. Box 580-179,PO Box 580-179
49,"","",16,"",STREET NAME IS MISSING,"",3d8399cde2d48c5bd72bfd595b4c8aa5,"","",P.O. Box 633,PO Box 633
50,"","",16,"",STREET NAME IS MISSING,"",cdd90dfdac7fa26e7efa2a5ebd762e27,"","",PO Box 824,PO Box 824
51,"","",EE,"",'ADAM CLAYTON POWEL JR BLVD' NOT RECOGNIZED. THERE ARE 002 SIMILAR NAMES.,"",e1449e0ff0169ebe259ef1a0cca1fc89,1855,Adam Clayton Powel Jr Blvd,1855 Adam Clayton Powel Jr. Blvd,1855 Adam Clayton Powel Jr Blvd
52,"","",16,"",STREET NAME IS MISSING,"",df4c7ddffab9c990fd115eebf80dc271,"","",PO Box 177,PO Box 177
53,"","",16,"",STREET NAME IS MISSING,"",d5a9de3b92a6f3d8ed75dd33f3536911,"","",P.O. Box 259,PO Box 259
54,"","",EE,"",'WEST 26H STREET' NOT RECOGNIZED. IS IT 'WEST   26 STREET'?,"",1d0a1adf587964934eb338ded13d62d3,601,West 26h Street,601 West 26h Street,601 West 26h Street
55,"","",16,"",STREET NAME IS MISSING,"",12731c86986b777188238dcba17af833,"","",PO Box 1892,PO Box 1892
56,"","",16,"",STREET NAME IS MISSING,"",38d7872e65f5f41a3572ba40f6c504fb,"","",P.O Box 89,PO Box 89
57,"","",11,"",'ISLAND STATION' NOT RECOGNIZED. THERE ARE NO SIMILAR NAMES,"",27d011487a5000f23c3a985833c41833,"",Island Station,"P.O. Box 2, Island Station",PO Box 2 Island Station
58,"","",16,"",STREET NAME IS MISSING,"",4fd0c51d307b9c1b1d837125f8d58d15,"","",P.O. Box 141274,PO Box 141274
59,"","",16,"",STREET NAME IS MISSING,"",0e6bed32be5ae73fb561f1dc50141e19,"","",P.O. Box 187,PO Box 187
60,"","",16,"",STREET NAME IS MISSING,"",22d894a9a00f04adf8bffcaf73a0af23,"","",Light Opera of New York,Light Opera of New York
61,"","",16,"",STREET NAME IS MISSING,"",7b9a660c3bba542f8401cae4862f2106,"","",Kaufman Astoria Studios,Kaufman Astoria Studios
62,"","",16,"",STREET NAME IS MISSING,"",11fc7af54b7cb27a4bf590085450514b,"","",P.O. Box 30,PO Box 30
63,"","",16,"",STREET NAME IS MISSING,"",ac0769b4113a481485a18817cefd7dff,"","",P.O. Box 568 Williamsburgh Station,PO Box 568 Williamsburgh Station
64,"","",16,"",STREET NAME IS MISSING,"",bd5ab69eaa2f3052ea7f6650d8efb26b,"","","c/o Susan Glaser, Steinhardt School, NYU",c/o Susan Glaser Steinhardt School NYU
65,"","",EE,"",'HANSEN PLACE' NOT RECOGNIZED. THERE ARE 006 SIMILAR NAMES.,"",f44908bb45de7fef1bd02d4c19b0f1f0,80,Hansen Place,80 Hansen Place,80 Hansen Place
66,"","",16,"",STREET NAME IS MISSING,"",76cd9dd8db0a534b91da6cf0c7f32a50,"","",P. O. Box 1858,P O Box 1858
67,"","",16,"",STREET NAME IS MISSING,"",1facc72e9b6c57743f0458bc82ebc0f4,"","",P.O. Box 297191,PO Box 297191
68,"","",16,"",STREET NAME IS MISSING,"",bf2e4c38ee523f5734d1292a5741f69c,"","",P.O. Box 16,PO Box 16
69,"","",16,"",STREET NAME IS MISSING,"",bb7db611852f873a77e9e1eeaf0c7589,"","",P.O. Box 1034,PO Box 1034
70,"","",16,"",STREET NAME IS MISSING,"",46ec0ade86cdf85dd1723bc31401246e,"","",P.O. Box 470131,PO Box 470131
71,"","",16,"",STREET NAME IS MISSING,"",b954c4c56b6e0bf10de91ab59b2f6b17,"","",P.O. Box 386,PO Box 386
72,"","",16,"",STREET NAME IS MISSING,"",0ac1051d986b2004ed0825fdd991ebda,"","",P.O. Box 1902,PO Box 1902
73,"","",16,"",STREET NAME IS MISSING,"",52732bf3735dfb637668c52bbd2bb99e,"","",P.O. Box 24713,PO Box 24713
74,"","",16,"",STREET NAME IS MISSING,"",9fbc912b2981608261e3f0ab99607265,"","",c/o Denise Orr,c/o Denise Orr
75,"","",EE,"",'10TH STREET' NOT RECOGNIZED. THERE ARE 005 SIMILAR NAMES.,"",3b3c6f34578f5ce69095632ba921616f,287,10th Street,287 10th Street,287 10th Street
76,"","",16,"",STREET NAME IS MISSING,"",9216c5343dbb74abe5bb3ec8019ad4f4,"","",P.O. Box 110279,PO Box 110279
77,"","",16,"",STREET NAME IS MISSING,"",f6190d0719d3b0c7d44734ce67ad01a9,"","",PO Box 20503,PO Box 20503
78,"","",16,"",STREET NAME IS MISSING,"",bcdade7de522e31646d74084ec7934e4,"","",P.O. Box 1851,PO Box 1851
79,"","",16,"",STREET NAME IS MISSING,"",468297d30eb94f30bef536c5f8920e5c,"","",PO Box 1381,PO Box 1381
80,"","",16,"",STREET NAME IS MISSING,"",8b0a0c33b1f79a0f1a41fcd7e09c2a52,"","",P.O. Box 633,PO Box 633
81,"","",16,"",STREET NAME IS MISSING,"",145d5fa4b0288f6c713388b5b809aac0,"","",P. O. Box 20648,P O Box 20648
82,"","",16,"",STREET NAME IS MISSING,"",812e2a048b05f80b453f53373e7733c8,"","",P.O. Box 22872,PO Box 22872
83,"","",16,"",STREET NAME IS MISSING,"",4a066c12041e92c50660164259e67932,"","",P.O. Box 020-334,PO Box 020-334
84,"","",16,"",STREET NAME IS MISSING,"",502d1369e50989bd392bdee660d407f2,"","",PO Box 24415,PO Box 24415
85,"","",16,"",STREET NAME IS MISSING,"",827dd79cbc593ce769a957b8887eeedc,"","",P.O. Box 4499,PO Box 4499
86,"","",16,"",STREET NAME IS MISSING,"",b628199798fde1bd08daf4638bddacb6,"","",PO Box 727,PO Box 727
87,"","",16,"",STREET NAME IS MISSING,"",d10814abaf1e877ac6f6940197cd1380,"","",P.O. Box 277,PO Box 277
88,"","",16,"",STREET NAME IS MISSING,"",011b0c5dc02cfbc0ee6fef09b99da37e,"","",P.O. Box 138,PO Box 138
89,"","",16,"",STREET NAME IS MISSING,"",bc4e3f0b13f85b3c68d0f00942e246e3,"","",PO Box 3169,PO Box 3169
90,"","",16,"",STREET NAME IS MISSING,"",f4de1e918e16513b637262b95ea15431,"","",P.O. Box 2608,PO Box 2608
91,"","",EE,"",'VILLAGE STATION' NOT RECOGNIZED. THERE ARE 009 SIMILAR NAMES.,"",d10e0a4cc897bb92220a23de0ec2a3b1,"",Village Station,P.O. Box 946 Village Station,PO Box 946 Village Station
92,"","",16,"",STREET NAME IS MISSING,"",6ead24089108c3cc2733a5a73ff416bb,"","",PO Box 230736,PO Box 230736
93,"","",EE,"",'EAST 123 RD STREET' NOT RECOGNIZED. IS IT 'EAST  123 STREET'?,"",0463cdba5eeb384b4a91e53cf82fa158,219,East 123 rd Street,219 East 123 rd Street,219 East 123 rd Street
94,"","",16,"",STREET NAME IS MISSING,"",06f2c56dafc3437b0b480f8ffe9ad738,"","",P.O. Box 1062,PO Box 1062
95,"","",16,"",STREET NAME IS MISSING,"",ee72bc20e382203c6a6586a0351d50cd,"","",P. O. Box 3647,P O Box 3647
96,"","",16,"",STREET NAME IS MISSING,"",5a6bb19576e02f5e08688a17ac415f21,"","",P. O. Box 130287,P O Box 130287
97,"","",16,"",STREET NAME IS MISSING,"",66cbfd356699bccedbaad0f8a3d5c9f5,"","",C/O WeWork Harlem,C/O WeWork Harlem
98,"","",16,"",STREET NAME IS MISSING,"",4af2e8006bdebbffc8d7bf119fb2a326,"","",P.O. Box 2026,PO Box 2026
99,"","",16,"",STREET NAME IS MISSING,"",75a8f00172aaffc4b1eb4e045472e726,"","",P.O. Box 20162,PO Box 20162
100,"","",16,"",STREET NAME IS MISSING,"",c780db3bdc72d9ec1ba238ec50a43140,"","",P.O. Box 100163,PO Box 100163
101,"","",16,"",STREET NAME IS MISSING,"",e337a6bff67ac57ab1d08eb00e851d31,"","",c/o NMBC,c/o NMBC
102,"","",16,"",STREET NAME IS MISSING,"",4715acc4e67ce874aa88edeafd2fe894,"","",P.O. Box 558,PO Box 558
103,"","",16,"",STREET NAME IS MISSING,"",5b219707438f62ccdf81fa01a4b1b5a1,"","",PO Box 1590,PO Box 1590
104,"","",16,"",STREET NAME IS MISSING,"",dae1649671c2d871d4a566a7b160428d,"","",P.O. Box 275,PO Box 275
105,"","",16,"",STREET NAME IS MISSING,"",81d9db49f3b73aff18f4ed0a592dc117,"","",P.O. Box 50197,PO Box 50197
106,"","",16,"",STREET NAME IS MISSING,"",99bad8514cd408fbf0747ff409993a14,"","",PO Box 630142,PO Box 630142
107,"","",16,"",STREET NAME IS MISSING,"",bef2224df6aace08d98781561d5b5cae,"","",PO BOX 769,PO BOX 769
108,"","",16,"",STREET NAME IS MISSING,"",5ffc5eea3fe50149d9fb92ddaa5c1098,"","",P.O. Box 311155,PO Box 311155
109,"","",EE,"",'TAAFFE PLACE-SUITE' NOT RECOGNIZED. THERE ARE 002 SIMILAR NAMES.,"",7c482d8262028bab09a680df9821fd43,213,TAAFFE PLACE-SUITE,213 TAAFFE PLACE - SUITE 111,213 TAAFFE PLACE-SUITE
110,"","",16,"",STREET NAME IS MISSING,"",1258dd37d9c1eac96f1ba1447906b277,"","",St. Mark's Church,St Mark's Church
111,"","",16,"",STREET NAME IS MISSING,"",f58ce63d671f3e06103a2854100c7aab,"","",P.O. Box 1337,PO Box 1337
112,"","",16,"",STREET NAME IS MISSING,"",74cf1ae997043765847195ad1b00dfdf,"","",P.O. Box 1074,PO Box 1074
113,"","",16,"",STREET NAME IS MISSING,"",83529222b7938b623d4fab29bf8a31a0,"","",PO Box 231417,PO Box 231417
114,"","",EE,"",'BOWLING GREEN STATION' NOT RECOGNIZED. THERE ARE 004 SIMILAR NAMES.,"",2af3c9fbffc776ce882262ebebd2f155,1494,Bowling Green Station,P.O.Box 1494 Bowling Green Station,POBox 1494 Bowling Green Station
115,"","",16,"",STREET NAME IS MISSING,"",efe94dd5db1ecb329cd4be63f16d47c7,"","",P.O. Box 340716,PO Box 340716
116,"","",16,"",STREET NAME IS MISSING,"",c5bff31b27d02291e7e4ea7d9ff5ba9e,"","",P.O. Box 4338,PO Box 4338
117,"","",16,"",STREET NAME IS MISSING,"",903e44ec02e4284f2da15c6b2f86618f,"","",P.O. Box 1780,PO Box 1780
118,"","",16,"",STREET NAME IS MISSING,"",e4328063abd5f374db59e177c0605eee,"","",Dance New Amsterdam,Dance New Amsterdam
119,"","",16,"",STREET NAME IS MISSING,"",80b676aa1b1831a9ac680de8e05c03db,"","",P.O. Box 1261,PO Box 1261
120,"","",16,"",STREET NAME IS MISSING,"",fe1fd37f8687602051eca7a386500052,"","",PO Box 1757,PO Box 1757
121,"","",16,"",STREET NAME IS MISSING,"",6ec0d3d0c735b10fb2cff48d7f9b1e42,"","",P.O. Box 310283,PO Box 310283
122,"","",16,"",STREET NAME IS MISSING,"",f5352175f128ecc07a323797fe4a97de,"","",c/o 13 Designs Studio,c/o 13 Designs Studio
123,"","",16,"",STREET NAME IS MISSING,"",d1b35daedd9075e475f7f3aec57a84cf,"","",P.O. Box 1791,PO Box 1791
124,"","",16,"",STREET NAME IS MISSING,"",b5f7219d1dbade5217c644fe6f005213,"","",c/o  St. Margaret's  House,c/o St Margaret's House
125,"","",16,"",STREET NAME IS MISSING,"",b54267c76f56fe7110f6a9055e00a327,"","",PO Box 7687,PO Box 7687
126,"","",16,"",STREET NAME IS MISSING,"",b96ecb8f5c2143749371af7819819d4d,"","",Gelsey Kirkland Academy of Classical Ballet,Gelsey Kirkland Academy of Classical Ballet
127,"","",16,"",STREET NAME IS MISSING,"",0cb28c280ea57c670c4d4c3acaffb479,"","",P.O. Box 335,PO Box 335
128,"","",16,"",STREET NAME IS MISSING,"",949062da188f6a8cccd84fbdde6cbec0,"","",Voices of Gotham Barbershop Chorus,Voices of Gotham Barbershop Chorus
129,"","",16,"",STREET NAME IS MISSING,"",42ff93dbe7b85090a5037ced7c5dfd40,"","",P.O. Box 1017,PO Box 1017
130,"","",16,"",STREET NAME IS MISSING,"",e14b9adf3e7d69d0e2fe7ce992c5a2c5,"","",P.O. BOX 1376,PO BOX 1376
131,"","",16,"",STREET NAME IS MISSING,"",fd4444a2a30aead20bedd5f451543b85,"","","New Lab Building 128, Suite 201",New Lab Building 128
132,"","",16,"",STREET NAME IS MISSING,"",9339ab9541ce4dc44bca8b344942545b,"","",P.O. Box 898,PO Box 898
133,"","",16,"",STREET NAME IS MISSING,"",868de4b845e8069ed3dbc9c46e18e27a,"","",P.O. Box 2558,PO Box 2558
134,"","",16,"",STREET NAME IS MISSING,"",fb300228dde474b9a205fc23e4a8f0fe,"","",PO Box 247,PO Box 247
135,"","",16,"",STREET NAME IS MISSING,"",7bdcc7816a72bdd231da3a71f3237112,"","",POB 1157,POB 1157
136,"","",16,"",STREET NAME IS MISSING,"",0f77cf47667698dc5ed0cde914d89bec,"","",PO Box 230770,PO Box 230770
137,"","",16,"",STREET NAME IS MISSING,"",695f0d5ee62e2c9e440349c5d57d3853,"","",P.O. Box 1576,PO Box 1576
138,"","",16,"",STREET NAME IS MISSING,"",b509076ee9c2a5742e509b80fc5dfae8,"","",P.O. Box 921,PO Box 921
139,"","",16,"",STREET NAME IS MISSING,"",b4598ce4892ad66462cc2102bb599627,"","",P.O. Box 1606,PO Box 1606
140,"","",16,"",STREET NAME IS MISSING,"",63d4660345d27882e9618ba9a4a04ef7,"","",P.O. Box 1138,PO Box 1138
141,"","",16,"",STREET NAME IS MISSING,"",2aec802cd093122859a0fcdbda27b52d,"","",c/o EAI,c/o EAI
142,"","",16,"",STREET NAME IS MISSING,"",f09039fd07d746e6848682c7ce23d2fc,"","",P.O. Box 25163,PO Box 25163
143,"","",16,"",STREET NAME IS MISSING,"",e439d8f6df0cc083a73c5d06014caaf0,"","",IndyKids,IndyKids
144,"","",16,"",STREET NAME IS MISSING,"",55a5ed43352b5b38566913467219ceda,"","",PO Box 2104,PO Box 2104
145,"","",16,"",STREET NAME IS MISSING,"",f5151929c8d7ab6f517ebdde490c8c4b,"","",P.O. Box 47-1730,PO Box 47-1730
146,"","",16,"",STREET NAME IS MISSING,"",534d8632762594e4e2a0e48cce054fc9,"","","Adam Clayton Powell, Jr. State Office Building",Adam Clayton Powell Jr State Office Building
147,"","",EE,"",'INTREPID SQUARE' NOT RECOGNIZED. THERE ARE 010 SIMILAR NAMES.,"",1525d0a1ff962c639ae0e595434a34c3,One,Intrepid Square,One Intrepid Square,One Intrepid Square
148,"","",16,"",STREET NAME IS MISSING,"",1db55fac8b1e1faa725e5d97eabc3825,"","",c/o Alec Duffy,c/o Alec Duffy
149,"","",16,"",STREET NAME IS MISSING,"",0da123719b5a0359045b5274c3879919,"","",P.O. Box 845,PO Box 845
150,"","",16,"",STREET NAME IS MISSING,"",d01d023d021cef4ab1beb88404496a54,"","",P.O. Box 328,PO Box 328
151,"","",16,"",STREET NAME IS MISSING,"",0e0eb03776644a63c4c594a455404b52,"","",P.O. Box 986,PO Box 986
152,"","",16,"",STREET NAME IS MISSING,"",8db61bdd30856af958ce59a9a966f505,"","",PO Box 340 111,PO Box 340 111
153,"","",EE,"",'VILLAGE STATION' NOT RECOGNIZED. THERE ARE 009 SIMILAR NAMES.,"",4982892d0357bb7929d2bbd59df35350,17,Village Station,"P.O. Box 17, Village Station",PO Box 17 Village Station
154,"","",16,"",STREET NAME IS MISSING,"",54e6557d12348e311b55f5e6f2e2d6a0,"","",PO Box 33,PO Box 33
155,"","",16,"",STREET NAME IS MISSING,"",9b11e7b09588b771213cf762d170c1e1,"","",P.O. Box 2292,PO Box 2292
156,"","",16,"",STREET NAME IS MISSING,"",86bea0421358ce319c975fb0f9736739,"","",P.O. Box 690136,PO Box 690136
157,"","",16,"",STREET NAME IS MISSING,"",67681bc4eaa4dd096afe1ea9077f611d,"","",Box 1325 Gracie Station,Box 1325 Gracie Station
158,"","",16,"",STREET NAME IS MISSING,"",48b15750f3accfd7e7316004e3ae7919,"","","Old Chelsea Station, PO Box 1392",Old Chelsea Station PO Box 1392
159,"","",16,"",STREET NAME IS MISSING,"",f7118dda1940f2d5dff3e28ead299b0a,"","",PO Box 778,PO Box 778
160,"","",16,"",STREET NAME IS MISSING,"",978d0fdcca610c9123fdb7dda919c765,"","",PO Box 1063,PO Box 1063
161,"","",16,"",STREET NAME IS MISSING,"",44c456f875e51503d5bde820fa51e691,"","",P.O. Box 470972,PO Box 470972
162,"","",13,"",ADDRESS NBR 797/799  CONTAINS AN INVALID CHARACTER(/) IN POSITION 4.,"",6b7b12d720b851cd56d41d4ea2e3c215,797/799,Van Siclen Avenue,797/799 Van Siclen Avenue,797/799 Van Siclen Avenue
163,"","",16,"",STREET NAME IS MISSING,"",1e52a029f4758fc411af0d3e2bd5ab0f,"","",P.O. Box 3852,PO Box 3852
164,"","",16,"",STREET NAME IS MISSING,"",eba0e9a909b41b598d1351803a295424,"","",P.O. Box 347,PO Box 347
165,"","",16,"",STREET NAME IS MISSING,"",2084eb3ca36b6685876c80050db87b65,"","",P.O. Box 488,PO Box 488
166,"","",16,"",STREET NAME IS MISSING,"",4f310ef42c1c74fd3b5e59ab72def69c,"","",Cooper Station,Cooper Station
167,"","",16,"",STREET NAME IS MISSING,"",e83bd19c12a3e02eb978db04ca0f8225,"","",P.O. Box 286186,PO Box 286186
168,"","",16,"",STREET NAME IS MISSING,"",a2a64c8d07a16f71d7057c496db6dbc1,"","",P.O. Box 361,PO Box 361
169,"","",EE,"",'E 84TH' NOT RECOGNIZED. THERE ARE 002 SIMILAR NAMES.,"",32dedcad41b537e331cde2c91761556e,401,E 84th,401 E 84th,401 E 84th
170,"","",16,"",STREET NAME IS MISSING,"",8f8823fcebacf38ec107fbe5c59fd785,"","",P.O. Box 1449,PO Box 1449
171,"","",16,"",STREET NAME IS MISSING,"",194015dddb6b5508dac6b0dab0c4fd20,"","",P.O. Box 21167,PO Box 21167
172,"","",16,"",STREET NAME IS MISSING,"",f9795702254a4ccc2acaa0eeea0622da,"","",P.O. Box 604565,PO Box 604565
173,"","",16,"",STREET NAME IS MISSING,"",c463a5c814a65c153dd207a4ba0a2cff,"","",PO Box 1136,PO Box 1136
174,"","",16,"",STREET NAME IS MISSING,"",3cb9d73036dae2a32583cb8091121f55,"","",P.O. Box 974,PO Box 974
175,"","",16,"",STREET NAME IS MISSING,"",65787e69a91f94d7d21de85d695dc211,"","",PO Box 1503,PO Box 1503
176,"","",EE,"",'PROMENADE AT LIGHTHOUSE POINT' NOT RECOGNIZED. THERE ARE 008 SIMILAR NAMES.,"",994afb1d5f6144b1f6c1ea4a0fd1931e,200,Promenade at Lighthouse Point,200 Promenade at Lighthouse Point,200 Promenade at Lighthouse Point
177,"","",16,"",STREET NAME IS MISSING,"",c74bd80382d2f5d8e6b76a9adc58f918,"","",P.O. Box 193,PO Box 193
178,"","",16,"",STREET NAME IS MISSING,"",73bf25c8918954a8e560ed4d27980a78,"","",P.O. Box 373,PO Box 373
179,"","",16,"",STREET NAME IS MISSING,"",d99c8517b1b06a8ee10e7b6d5ab7ada3,"","",P.O. Box 237136,PO Box 237136
180,"","",16,"",STREET NAME IS MISSING,"",4cf2ae684bab817cd41d9fc523b82bc0,"","",PO Box 20773,PO Box 20773
181,"","",16,"",STREET NAME IS MISSING,"",47a0fb6dfe17cfa7b6cad8d869d6ca5f,"","",PO Box 3034,PO Box 3034
182,"","",16,"",STREET NAME IS MISSING,"",6031055c9e80576348a92301620aeab3,"","",P.O. Box 2058,PO Box 2058
183,"","",16,"",STREET NAME IS MISSING,"",f1415f5b5601c0c8b7c3ff2bb9ae3add,"","",P.O. Box 720636,PO Box 720636
184,"","",16,"",STREET NAME IS MISSING,"",f5028ba881703179627db38070eb56cf,"","",P.O. Box 170120,PO Box 170120
185,"","",16,"",STREET NAME IS MISSING,"",7b2c1a868b697b6b436ee2ff243a17d0,"","",PO Box 340753,PO Box 340753
186,"","",16,"",STREET NAME IS MISSING,"",bfc37dbc618b58496343dd445e8d7c11,"","",P.O. Box 900537,PO Box 900537
187,"","",16,"",STREET NAME IS MISSING,"",83d772f0e186e77ecbb02abad12805b4,"","",WorkSpace,WorkSpace
188,"","",16,"",STREET NAME IS MISSING,"",9729b36f917c821fc63a2915b730f326,"","",P.O. Box 20794,PO Box 20794
189,"","",16,"",STREET NAME IS MISSING,"",ebd20718668be0102242993ba6474153,"","",P.O. Box 150613,PO Box 150613
190,"","",16,"",STREET NAME IS MISSING,"",9f0041cba38b78ffe9f657a5ce2be81a,"","",PO Box 231480,PO Box 231480
191,"","",16,"",STREET NAME IS MISSING,"",0d7e541759adad77d48b13ec59e4f899,"","",Brendan Moffitt,Brendan Moffitt
192,"","",16,"",STREET NAME IS MISSING,"",09f90bd0972cab88103624301432b9fa,"","",P.O. Box 20488,PO Box 20488
193,"","",16,"",STREET NAME IS MISSING,"",423c928ccf638672ec67141540314579,"","",New York City Building / Flushing Meadows Park,New York City Building Flushing Meadows Park
194,"","",11,"",'DIWIGHT STREET' NOT RECOGNIZED. THERE ARE NO SIMILAR NAMES,"",8650a4b2f2b0699fbbdcdbcb43339454,102,Diwight Street,102 Diwight Street Suite 2A,102 Diwight Street
195,"","",16,"",STREET NAME IS MISSING,"",a8e97ba5ad791a641080c82c15b22220,"","",P. O. Box 141002,P O Box 141002
196,"","",16,"",STREET NAME IS MISSING,"",7175882095fb09cea8de8670cc1e2450,"","",Theatre at St. Clement's,Theatre at St Clement's
197,"","",16,"",STREET NAME IS MISSING,"",754022a98eb4612014916b9658dd3ece,"","",P. O. Box 86,P O Box 86
198,"","",16,"",STREET NAME IS MISSING,"",728d0d9cbc91ad09be761a97f84d236a,"","",P.O. Box 1900,PO Box 1900
199,"","",16,"",STREET NAME IS MISSING,"",0ef0584a71e5d74c987e8e8fb8d0e799,"","",G.P.O. Box 7554,GPO Box 7554
200,"","",16,"",STREET NAME IS MISSING,"",38d748f7ff326e95674a3a837364d5e9,"","",c/o Rhiannon Kubicka,c/o Rhiannon Kubicka
201,"","",16,"",STREET NAME IS MISSING,"",7b469c0b0bc3e40d64eee8b131c5b142,"","",PO Box 156013,PO Box 156013
202,"","",16,"",STREET NAME IS MISSING,"",e777b2ebed47f3a0b81db120f208ae6b,"","",P.O. Box 195,PO Box 195
203,"","",16,"",STREET NAME IS MISSING,"",c4ba436a29a96950cfe3556d5c2fba2f,"","","1000 Richmond Terrace, Building G",1000 Richmond Terrace Building
204,"","",16,"",STREET NAME IS MISSING,"",21df611501440b8fb0a1fd79da4654ae,"","",P.O. Box 1220,PO Box 1220
205,"","",42,"",ADDRESS NUMBER OUT OF RANGE,"",96c3ab8d4d6548d73f0b64d2b3239910,60,Main Street,60 Main Street,60 Main Street
206,"","",16,"",STREET NAME IS MISSING,"",c25710b6091cabba4b228af92c69da0b,"","",P.O. Box 720464,PO Box 720464
207,"","",16,"",STREET NAME IS MISSING,"",0004874d4a5086e7312e99edc4d03692,"","",Pride not Prejudice,Pride not Prejudice
208,"","",16,"",STREET NAME IS MISSING,"",721ccc100713ab5c6bafbfe51780ed90,"","",PO Box 26724,PO Box 26724
209,"","",16,"",STREET NAME IS MISSING,"",a867d3c544f0388ef10b9bd7d90455de,"","",PO Box 1833,PO Box 1833
210,"","",16,"",STREET NAME IS MISSING,"",2f3baca148e1f2b631563d898c8c33c6,"","",P.O. Box 690075,PO Box 690075
211,"","",16,"",STREET NAME IS MISSING,"",2d83a91971e2053f018e5fa0db3f8ed1,"","",c/o Center For The Urban Environment,c/o Center For The Urban Environment
212,"","",16,"",STREET NAME IS MISSING,"",d97c1cabc7fde776db0f7557dfde89ee,"","",Regina Opera Company c/o Fran Garber,Regina Opera Company c/o Fran Garber
213,"","",16,"",STREET NAME IS MISSING,"",2d78e663c7031ba26480cfc22d8bcfe7,"","",PO Box 900645,PO Box 900645
214,"","",16,"",STREET NAME IS MISSING,"",754c7bce7dd5502451dc743107bdebf4,"","",P.O. Box 5,PO Box 5
215,"","",16,"",STREET NAME IS MISSING,"",6646e049209d7ecc08dc5930386d890d,"","",P.O. Box 6272,PO Box 6272
216,"","",16,"",STREET NAME IS MISSING,"",bb64ec0d1a5fe188ea908fd5e4a218cb,"","",PO Box 823,PO Box 823
217,"","",16,"",STREET NAME IS MISSING,"",fa8ba93ba221ae075ddee48b088d4432,"","",P.O. Box 320668,PO Box 320668
218,"","",16,"",STREET NAME IS MISSING,"",4cd693a68abf8ebc48bbe887bf6976af,"","",P.O. Box 6259,PO Box 6259
219,"","",16,"",STREET NAME IS MISSING,"",c927c7afc6ea9e1464884fd398712ef5,"","",P.O. Box 772,PO Box 772
220,"","",16,"",STREET NAME IS MISSING,"",a0d084c358ed4c1f004c5d385c6450fc,"","",P.O. Box 177,PO Box 177
221,"","",16,"",STREET NAME IS MISSING,"",71fb422c61d757cc70eaf2dc78017011,"","",PO Box 659,PO Box 659
222,"","",16,"",STREET NAME IS MISSING,"",49838562360a3f30d524f25bc95be01a,"","",P.O. Box 381082,PO Box 381082
223,"","",16,"",STREET NAME IS MISSING,"",e22d5c75ec64f7b97d00d0f925eff79f,"","",c/o QTIP,c/o QTIP
224,"","",16,"",STREET NAME IS MISSING,"",41ebf75f1d487e09a90556adc69dc51b,"","",P.O. Box 24371,PO Box 24371
225,"","",16,"",STREET NAME IS MISSING,"",046c2247a347e3b9c83ef5518ff611f7,"","",Miller Theatre at Columbia University,Miller Theatre at Columbia University
226,"","",16,"",STREET NAME IS MISSING,"",a326d0946ec252a344224a75dbe6bd04,"","","c/o David Murphy, Treasurer",c/o David Murphy Treasurer
227,"","",16,"",STREET NAME IS MISSING,"",b0c0fd011035b9a5e3b30ddf9f076342,"","",P.O. Box 342,PO Box 342
228,"","",16,"",STREET NAME IS MISSING,"",7a2dde90978f5e58053455dc7653fc8b,"","",PO Box 381091,PO Box 381091
229,"","",16,"",STREET NAME IS MISSING,"",82a1d08bfc4b37df49ee6a7ebbc65549,"","",P.O. Box 10183,PO Box 10183
230,"","",16,"",STREET NAME IS MISSING,"",8c7e3787ef17e9ce14e7da06e5f6e602,"","",PO Box 4477,PO Box 4477
231,"","",16,"",STREET NAME IS MISSING,"",d5b1d26158f933a7a2360d3aead21f28,"","",P.O. Box 1284,PO Box 1284
232,"","",16,"",STREET NAME IS MISSING,"",4c4cef88aa3c129e1b4527bb76f2b783,"","","c/o Talia Jimenez, Managing Director",c/o Talia Jimenez Managing Director
233,"","",16,"",STREET NAME IS MISSING,"",600593e7b566961f57e2ae4ea751cfc6,"","","P.O. Box 240572,",PO Box 240572
234,"","",16,"",STREET NAME IS MISSING,"",d8d9d53d784eaa91f79ded16639a730d,"","",P.O. Box 770150,PO Box 770150
235,"","",16,"",STREET NAME IS MISSING,"",42b021eef194e570430edc273ab6f002,"","",c/o Bancroft/Nesbett,c/o Bancroft/Nesbett
236,"","",16,"",STREET NAME IS MISSING,"",da4b22527a77d3e9f7c7247f85b21bee,"","",P.O. Box 1168,PO Box 1168
237,"","",16,"",STREET NAME IS MISSING,"",98705de5a74e4fc8e2c44ebd69e37c16,"","",c/o UDEC,c/o UDEC
238,"","",16,"",STREET NAME IS MISSING,"",0d29f6d645aed67768eeaa3c24336128,"","",Variety Boys & Girls Club of Queens,Variety Boys & Girls Club of Queens
239,"","",16,"",STREET NAME IS MISSING,"",3d53b759c033d933d35f8933d9fdb120,"","",c/o Peter Rosegarten,c/o Peter Rosegarten
240,"","",16,"",STREET NAME IS MISSING,"",40aa532706ed539fd49857969dbe19c2,"","",P.O. Box 1066,PO Box 1066
241,"","",16,"",STREET NAME IS MISSING,"",d32ea5e2828265fb4843803dee1882ff,"","",POB 1197,POB 1197
242,"","",16,"",STREET NAME IS MISSING,"",08fa88790a0ec4edd5aa021b1b1bb940,"","",P.O. Box 1092,PO Box 1092
243,"","",16,"",STREET NAME IS MISSING,"",7bcbcff891eb962359d8cf28df2cfb89,"","",The Theatre at St. Peter's Church,The Theatre at St Peter's Church
244,"","",16,"",STREET NAME IS MISSING,"",c0adcb766516a945745d39adc426b29c,"","",P.O. Box 363,PO Box 363
245,"","",16,"",STREET NAME IS MISSING,"",74ecf714cbc13141da9b4a011d50ea3c,"","",P.O. Box 237166,PO Box 237166
246,"","",42,"",ADDRESS NUMBER OUT OF RANGE,"",4fb3f30b88ed1374399b6e6ccb1ce1ca,478,EAST 1 STREET,478 EAST    1 STREET,478 EAST 1 STREET
247,1007176,0239548,00,"","","",1d96fa9cb9cf04c8ee563a42114e6d46,3135,PARK AVENUE,3135 PARK AVENUE,3135 PARK AVENUE
248,"","",EE,"",'HILLSIDE ROAD' NOT RECOGNIZED. THERE ARE 006 SIMILAR NAMES.,"",81178ae02b5e4b674b50c69b10fa4ab1,670,HILLSIDE ROAD,670 HILLSIDE ROAD,670 HILLSIDE ROAD
249,1006464,0174150,00,"","","",099ea2b704e192d79726b0f749d0b785,1326,RALPH AVENUE,1326 RALPH AVENUE,1326 RALPH AVENUE
250,"","",EE,"",'CANAL ROAD' NOT RECOGNIZED. THERE ARE 005 SIMILAR NAMES.,"",255e2f2872a3b7641ae883f29f8acbfb,257,CANAL ROAD,257 CANAL ROAD,257 CANAL ROAD
251,"","",EE,"",'EASTERN P'KWY' NOT RECOGNIZED. THERE ARE 010 SIMILAR NAMES.,"",dca6409dc1d631ca3f41db90d762d29f,2037,EASTERN P'KWY,2037 EASTERN P'KWY,2037 EASTERN P'KWY
252,"","",EE,"",'HEMPSTEAD TURNPIKE' NOT RECOGNIZED. THERE ARE 003 SIMILAR NAMES.,"",7d979d881061d4cd3d706b46d0a5d4fd,600,HEMPSTEAD TURNPIKE,600 HEMPSTEAD TURNPIKE,600 HEMPSTEAD TURNPIKE
253,"","",EE,"",'EASTERN P'KWY' NOT RECOGNIZED. THERE ARE 010 SIMILAR NAMES.,"",eb9bc92027fcf003e036fb163bd98905,2037,EASTERN P'KWY,2037 EASTERN P'KWY,2037 EASTERN P'KWY
254,"","",EE,"",'HILLSIDE ROAD' NOT RECOGNIZED. THERE ARE 006 SIMILAR NAMES.,"",0688bf4d800ea0582d824d7b0cf6565e,670,HILLSIDE ROAD,670 HILLSIDE ROAD,670 HILLSIDE ROAD
255,"","",EE,"",'HILLSIDE ROAD' NOT RECOGNIZED. THERE ARE 006 SIMILAR NAMES.,"",e56bd292d62d41c0e4e0079d522f2eda,670,HILLSIDE ROAD,670 HILLSIDE ROAD,670 HILLSIDE ROAD
256,"","",EE,"",'EASTERN P'KWY' NOT RECOGNIZED. THERE ARE 010 SIMILAR NAMES.,"",ee4802dd908dc6d9d4fc67d38f65d8dc,2037,EASTERN P'KWY,2037 EASTERN P'KWY,2037 EASTERN P'KWY
257,"","",13,"",ADDRESS NBR 1349/53  CONTAINS AN INVALID CHARACTER(/) IN POSITION 5.,"",291268586663447b97899e075464631a,1349/53,50 Street,1349/53 50 Street,1349/53 50 Street
258,"","",56,"",ADDRESS IS SPLIT AMONG MULTIPLE ELECTION DISTRICTS. ADDRESS NBR SUFFIX REQUIRED,"",a460877e7d1c9b0c26e76bad8266ef28,3333,BROADWAY,3333 BROADWAY,3333 BROADWAY
259,1022570,0208439,00,"","","",8451c7ce0148c073953a6e0ba44fb87c,55-41,98 PLACE,55-41 98 PLACE,55-41 98 PLACE
260,1047885,0214410,00,"","","",e3f57e5a94bfe39977d94d5f7fb36f9c,210-07,48 AVENUE,210-07 48 AVENUE,210-07 48 AVENUE
261,0962431,0170281,00,"","","",752f914890684fba7ec40f19e8ad8dca,98,GRANT STREET,98 GRANT STREET,98 GRANT STREET
262,1010762,0208861,00,"","","",cba796cac365560561722db22efa3b9b,60-10A,47 AVENUE,60-10A 47 AVENUE,60-10A 47 AVENUE
263,"","",16,"",STREET NAME IS MISSING,"",4b40ac636f507f4e293e75740efa2e07,"","",1 Jamaica Center Plaza,1 Jamaica Center Plaza
264,"","",11,"",'02-04 LINDEN BOULEVARD' NOT RECOGNIZED. THERE ARE NO SIMILAR NAMES,"",59caa86a7b24e00ed848e8508d2bb194,201,02-04 LINDEN BOULEVARD,201 02-04 LINDEN BOULEVARD,201 02-04 LINDEN BOULEVARD
265,1012457,0211133,00,"","","",2d883a0ba45041421180536ced5adaf1,65-21A,ROOSEVELT AVENUE,65-21A ROOSEVELT AVENUE,65-21A ROOSEVELT AVENUE
266,0957114,0154449,00,"","","",04d6ad5e6344cc159b7d41945e2622d8,50,JEFFERSON STREET,50 JEFFERSON STREET,50 JEFFERSON STREET
267,0943584,0137971,00,"","","",38700dc4016f93e7585a8b504c8e07a3,225,CLEVELAND AVENUE,225 CLEVELAND AVENUE,225 CLEVELAND AVENUE
268,"","",EE,"",'ST JOHN'S LANE YORK ST' NOT RECOGNIZED. THERE ARE 010 SIMILAR NAMES.,"",2f6855cf36855770d58d75b51da6c55d,21 1,ST JOHN'S LANE YORK ST,21 ST. JOHN'S LANE  (AKA 1 YORK ST),21 ST JOHN'S LANE AKA 1 YORK ST
269,"","",42,"",ADDRESS NUMBER OUT OF RANGE,"",328997564bf1b247d7457db9379784fe,0,HEINZELMAN ROAD,0 HEINZELMAN ROAD T-149,0 HEINZELMAN ROAD
270,1036527,0211786,00,"","","",4c5a81fc3e91428b19b3e46b4a3d5927,143-30,ROSE AVENUE,143-30 ROSE AVENUE,143-30 ROSE AVENUE
271,"","",16,"",STREET NAME IS MISSING,"",08a05a16317245025ce71647cbd032c0,"","",1000 RICHMOND TERRACE BUILDING A,1000 RICHMOND TERRACE BUILDING
272,1030672,0256311,00,"","","",82eb842fed74c8224f758696df08b94f,100A,ALDRICH STREET,100A ALDRICH STREET,100A ALDRICH STREET
273,"","",EE,"",'BROADWAY ENTRANCE 54 READE STRE' NOT RECOGNIZED. THERE ARE 010 SIMILAR NAMES.,"",ebf0b1c3831ff544d5ed5f3e3bdff57c,291,BROADWAY ENTRANCE 54 READE STRE,291 BROADWAY (ENTRANCE 54 READE STRE,291 BROADWAY ENTRANCE 54 READE STRE
274,1031936,0214181,00,"","","",9434404ff551644d1572a3edbd916b88,42-35,MAIN STREET,42-35 MAIN STREET 2/FLOOR,42-35 MAIN STREET
275,0990745,0214039,01,"",200 PARK AVENUE IS ON RIGHT SIDE OF EAST 45 STREET,"",59e279531e4660c89921f25c9ef51c1b,200,PARK AVENUE,200 PARK AVENUE,200 PARK AVENUE
276,"","",EE,"",'UNION TURNPIKE NULL LEWIS BLVD' NOT RECOGNIZED. THERE ARE 010 SIMILAR NAMES.,"",5e6b777d84ce9427f8e9a2bd16c5fa07,196-10,UNION TURNPIKE NULL LEWIS BLVD,196-10 UNION TURNPIKE NULL LEWIS BLVD,196-10 UNION TURNPIKE NULL LEWIS BLVD
277,"","",EE,"",'ST ANN AVENUE' NOT RECOGNIZED. THERE ARE 010 SIMILAR NAMES.,"",040dcb42ea57339d5ac743cfc4367c94,780,ST ANN AVENUE,780 ST ANN AVENUE,780 ST ANN AVENUE
278,0995298,0234281,00,"","","",1483200db46cecff7eb19757121d08be,525,WEST 120 STREET,525 WEST  120 STREET BOX   98,525 WEST 120 STREET BOX 98
279,"","",EE,"",'BROADWAY AVENUE' NOT RECOGNIZED. THERE ARE 010 SIMILAR NAMES.,"",9ecdb18b705caaafeb3a89dd6adcf6b6,5480,BROADWAY AVENUE,5480 BROADWAY AVENUE,5480 BROADWAY AVENUE
280,1004076,0225250,00,"","","",be77efc3f52fcfd217c52ac609e0a600,13,HELL GATE CIRCLE,13 HELL GATE CIRCLE BUILDING   13,13 HELL GATE CIRCLE BUILDING 13
281,0999338,0234200,00,"","","",57d577f1d95112253f94c9a127d1e809,127,WEST 127 STREET,127 WEST  127 STREET SUITE  201,127 WEST 127 STREET
282,"","",EE,"",'BAYCHESTER AVENUE ANNEX' NOT RECOGNIZED. THERE ARE 010 SIMILAR NAMES.,"",3fda42bad07b57eaca85509d7b8872dd,3740,BAYCHESTER AVENUE ANNEX,3740 BAYCHESTER AVENUE ANNEX,3740 BAYCHESTER AVENUE ANNEX
283,0996314,0217310,00,"","","",7988cbc8a7eaa7523b1cb16bd7bc4dc2,1230,YORK AVENUE,1230 YORK AVENUE 10065,1230 YORK AVENUE 10065
284,0995298,0234281,00,"","","",ed861e1697dd5f28816965f612ea1831,525,WEST 120 STREET,525 WEST  120 STREET BOX   98,525 WEST 120 STREET BOX 98
285,0990745,0214039,01,"",200 PARK AVENUE IS ON RIGHT SIDE OF EAST 45 STREET,"",35ba862fbf028ffbd00c991bb6d5f95a,200,PARK AVENUE,200 PARK AVENUE,200 PARK AVENUE
286,0984300,0200663,00,"","","",35a33f13e0c6d82cdff41fc8f57d1bdc,125,WALKER STREET,125 WALKER STREET    3 FLOOR,125 WALKER STREET
287,"","",EE,"",'BOWERY STREET' NOT RECOGNIZED. THERE ARE 004 SIMILAR NAMES.,"",5070a71778b4c77725722571a7f12335,90-92,BOWERY STREET,90-92 BOWERY STREET,90-92 BOWERY STREET
288,1035837,0225231,00,"","","",6f4304d4fb7dc28c5cbfa6dd73ea317c,16-01,150 STREET,16-01 150 STREET,16-01 150 STREET
289,1004076,0225250,00,"","","",bf99a405c6ce071e4b3f40d75197572a,13,HELL GATE CIRCLE,13 HELL GATE CIRCLE BUILDING   13,13 HELL GATE CIRCLE BUILDING 13
290,0996314,0217310,00,"","","",639124bd462fb08e02c14a81771b06a4,1230,YORK AVENUE,1230 YORK AVENUE 10065,1230 YORK AVENUE 10065
291,0999093,0200381,00,"","","",460643d7e1f70bdfb58266044258e4db,361,MANHATTAN AVENUE,361 MANHATTAN AVENUE UNIT L,361 MANHATTAN AVENUE
292,"","",11,"","'01
 ELMHURST' NOT RECOGNIZED. THERE ARE NO SIMILAR NAMES","",a6a0cb62810865e283928efd10558afc,79,"01
 Elmhurst","79 01
Elmhurst","79 01
 Elmhurst"
293,"","",EE,"","'AVENUE
 BROOKLYN' NOT RECOGNIZED. THERE ARE 010 SIMILAR NAMES.","",3a77a439e08676ee354d0d5cd4c57876,1601,"Avenue
 Brooklyn","1601 Avenue
Brooklyn","1601 Avenue
 Brooklyn"
294,"","",11,"","'01
 ELMHURST' NOT RECOGNIZED. THERE ARE NO SIMILAR NAMES","",4da96212168e36cdc1193fffdd890838,79,"01
 Elmhurst","79 01
Elmhurst","79 01
 Elmhurst"
295,"","",EE,"",'PORTLAND AVENUE' NOT RECOGNIZED. THERE ARE 010 SIMILAR NAMES.,"",f3706417a4d539f8b248eaf40c8cc7a7,100,"Portland Avenue
","100 Portland Avenue
Brooklyn","100 Portland Avenue
 Brooklyn"
296,"","",EE,"",'125TH STREET' NOT RECOGNIZED. THERE ARE 003 SIMILAR NAMES.,"",2e9eb8a534d276adc36e0aa0030ff976,215,"125th Street
","215 125th Street
New York","215 125th Street
 New York"
297,"","",EE,"",'125TH STREET' NOT RECOGNIZED. THERE ARE 003 SIMILAR NAMES.,"",a79c6aba5ff6d30cf58c529daf39c95a,215,"125th Street
","215 125th Street
New York","215 125th Street
 New York"
298,"","",EE,"",'168TH STREET' NOT RECOGNIZED. THERE ARE 003 SIMILAR NAMES.,"",4d09565a83b178d28c56d465970eafcc,401,"168th Street
","401 168th Street
Bronx","401 168th Street
 Bronx"
299,"","",EE,"",'13TH STREET' NOT RECOGNIZED. THERE ARE 004 SIMILAR NAMES.,"",8a13f52d6f2d7bddc7fc4f757a8a237c,540,"13th Street
","540 13th Street
New York","540 13th Street
 New York"
300,"","",EE,"",'125 STREET' NOT RECOGNIZED. THERE ARE 003 SIMILAR NAMES.,"",8220c0cfeb95fe52db4d9a5b31e0ef4a,215,"125 Street
","215 125 Street
New York","215 125 Street
 New York"
301,"","",EE,"",'127TH STREET' NOT RECOGNIZED. THERE ARE 002 SIMILAR NAMES.,"",d741ae14b933c0471c57a85242280fc3,281,"127th Street
","281 127th Street
New York","281 127th Street
 New York"
302,"","",EE,"",'PORTLAND AVENUE' NOT RECOGNIZED. THERE ARE 010 SIMILAR NAMES.,"",3da46507a21dd0788c8195c1a799ac3b,100,"Portland Avenue
","100 Portland Avenue
Brooklyn","100 Portland Avenue
 Brooklyn"
303,"","",EE,"",'120TH STREET' NOT RECOGNIZED. THERE ARE 003 SIMILAR NAMES.,"",11e631035cbab9637815b44668a0aac2,413,"120th Street
","413 120th Street
New York","413 120th Street
 New York"
304,"","",EE,"",'125TH STREET' NOT RECOGNIZED. THERE ARE 003 SIMILAR NAMES.,"",535fbce8f5e4dec31309663459ef1f7c,132W,125th Street,132W 125th Street,132W 125th Street
305,"","",16,"",STREET NAME IS MISSING,"",1d562e0f7d057c2050374308ea6a1f00,"","",PO BOX 1406,PO BOX 1406
306,"","",16,"",STREET NAME IS MISSING,"",c83548df462e4be0f120d92bda9c578a,"","",NO ADDRESS,NO ADDRESS
307,"","",16,"",STREET NAME IS MISSING,"",b5ceee8e89b3d05d3e6678234fb9f6ca,"","",NO ADDRESS,NO ADDRESS
308,"","",42,"",ADDRESS NUMBER OUT OF RANGE,"",e02b737bc42c3ab36cf34b08e5da987c,478,EAST 1 STREET,478 EAST    1 STREET,478 EAST 1 STREET
309,"","",16,"",STREET NAME IS MISSING,"",3cdb0e6bcd4c62278e5e367ac2e2ec05,"","",NO ADDRESS,NO ADDRESS
310,"","",16,"",STREET NAME IS MISSING,"",de748534542f6915d7775463b586a59e,"","",NO ADDRESS,NO ADDRESS
311,"","",16,"",STREET NAME IS MISSING,"",ad4b40368dfc808fc555bf0544a1d6f9,"","",NO ADDRESS,NO ADDRESS
312,"","",16,"",STREET NAME IS MISSING,"",baee856beff9b5b0be183aa4db575663,"","",NO ADDRESS,NO ADDRESS
313,"","",16,"",STREET NAME IS MISSING,"",d1c476ab00f04e3fcff12a9e0f947a75,"","",NO ADDRESS,NO ADDRESS
314,"","",EE,"",'BURNSIDE AVENUE' NOT RECOGNIZED. THERE ARE 007 SIMILAR NAMES.,"",072425f30bd641eb005f38f2f3b77e79,85,BURNSIDE AVENUE,85 BURNSIDE AVENUE,85 BURNSIDE AVENUE
315,"","",16,"",STREET NAME IS MISSING,"",b407924515ec8a261e5f5d3285a3a5b8,"","",NO ADDRESS,NO ADDRESS
316,"","",16,"",STREET NAME IS MISSING,"",51815982f4c5d5ee4941e96226a2ab87,"","",NO ADDRESS,NO ADDRESS
317,"","",16,"",STREET NAME IS MISSING,"",07bc5b424c924edf10691f764013f979,"","",NO ADDRESS,NO ADDRESS
318,"","",42,"",ADDRESS NUMBER OUT OF RANGE,"",5b8974a2d2825a88df11c896ab4ba06e,163,SOUTHERN BOULEVARD,163 SOUTHERN BOULEVARD,163 SOUTHERN BOULEVARD
319,"","",42,"",ADDRESS NUMBER OUT OF RANGE,"",560cc7b66d6ebd9ddfccdf76702054d0,170,3 AVENUE,170 3 AVENUE,170 3 AVENUE
320,"","",EE,"",'HENWOOD AVENUE' NOT RECOGNIZED. THERE ARE 010 SIMILAR NAMES.,"",2f34ca8f779a1639f4b81e14bbecdf93,115,HENWOOD AVENUE,115 HENWOOD AVENUE,115 HENWOOD AVENUE
321,"","",16,"",STREET NAME IS MISSING,"",53c09718e5136ba5c3d71748bb22761a,"","",NO ADDRESS,NO ADDRESS
322,"","",16,"",STREET NAME IS MISSING,"",cccc917d9227694860f6afba3c9455d6,"","",NO ADDRESS,NO ADDRESS
323,"","",16,"",STREET NAME IS MISSING,"",3771b4eabe77a22c1258cdf25e17b9fa,"","",NO ADDRESS,NO ADDRESS
324,"","",16,"",STREET NAME IS MISSING,"",694d17e7403b2f7c3c9d062892e10784,"","",NO ADDRESS,NO ADDRESS
325,"","",16,"",STREET NAME IS MISSING,"",49e65178a743a33c44e53b132f9b1324,"","",NO ADDRESS,NO ADDRESS
326,"","",16,"",STREET NAME IS MISSING,"",4478f3a8acfec609b7f3740ea142e5db,"","",NO ADDRESS,NO ADDRESS
327,"","",16,"",STREET NAME IS MISSING,"",5742eb9bf6d3a6010b9ce99a04765d65,"","",NO ADDRESS,NO ADDRESS
328,"","",16,"",STREET NAME IS MISSING,"",81a025cd4191a9d4094dfe4266064706,"","",NO ADDRESS,NO ADDRESS
329,"","",16,"",STREET NAME IS MISSING,"",d5f7b60b58a61ef46c3956537b89b1f0,"","",NO ADDRESS,NO ADDRESS
330,"","",16,"",STREET NAME IS MISSING,"",0caa7b59e72e04047506e59908659aee,"","",NO ADDRESS,NO ADDRESS
331,"","",16,"",STREET NAME IS MISSING,"",2a3f8b14168bf47741f53ecc5e98cab7,"","",NO ADDRESS,NO ADDRESS
332,"","",16,"",STREET NAME IS MISSING,"",a86d83e1c4c3f9ccf7726295faf1f5fe,"","",NO ADDRESS,NO ADDRESS
333,"","",16,"",STREET NAME IS MISSING,"",5b3ac804ee5bb1d4b78e0e42526c7d22,"","",NO ADDRESS,NO ADDRESS
334,"","",16,"",STREET NAME IS MISSING,"",400a00fd682aab856060f4bc411811ac,"","",NO ADDRESS,NO ADDRESS
335,"","",16,"",STREET NAME IS MISSING,"",7ebc8c6985f1321554de4d8d6f1beed7,"","",NO ADDRESS,NO ADDRESS
336,"","",16,"",STREET NAME IS MISSING,"",3e2aa55bb4bf8f9473f9930fc0ca14ea,"","",NO ADDRESS,NO ADDRESS
337,"","",16,"",STREET NAME IS MISSING,"",d1452f6eb79528de0803571a99f8e1b3,"","",NO ADDRESS,NO ADDRESS
338,"","",16,"",STREET NAME IS MISSING,"",ef03586eb3a6a240c6c242651f45167e,"","",NO ADDRESS,NO ADDRESS
339,"","",16,"",STREET NAME IS MISSING,"",9f24c7f2a1b1b423eb0c58ef16a3b1d5,"","",NO ADDRESS,NO ADDRESS
340,"","",16,"",STREET NAME IS MISSING,"",03a25e4c27024b22f228e0ca49e8508f,"","",NO ADDRESS,NO ADDRESS
341,"","",16,"",STREET NAME IS MISSING,"",e5c286ed851b45a90ed678cf719ee53d,"","",NO ADDRESS,NO ADDRESS
342,"","",16,"",STREET NAME IS MISSING,"",7c3b216fa9f6c433122f7c526fdc778a,"","",NO ADDRESS,NO ADDRESS
343,"","",16,"",STREET NAME IS MISSING,"",508837eeebf465b1a4d1c712e1e74bef,"","",NO ADDRESS,NO ADDRESS
344,"","",16,"",STREET NAME IS MISSING,"",a64a270145188faec1aba758888bcdaf,"","",NO ADDRESS,NO ADDRESS
345,"","",16,"",STREET NAME IS MISSING,"",687e438246655b3af6042f7b1c54e2fb,"","",NO ADDRESS,NO ADDRESS
346,"","",16,"",STREET NAME IS MISSING,"",cffd8b29eb97e7291c8275d1a33911b5,"","",NO ADDRESS,NO ADDRESS
347,"","",16,"",STREET NAME IS MISSING,"",8f52f5e240e96c1824f8e75b715d3712,"","",NO ADDRESS,NO ADDRESS
348,"","",16,"",STREET NAME IS MISSING,"",51905e37b7e759b51eee897916d42917,"","",NO ADDRESS,NO ADDRESS
349,"","",16,"",STREET NAME IS MISSING,"",0a56196dbe4c3452822ff508f8143e23,"","",NO ADDRESS,NO ADDRESS
350,"","",16,"",STREET NAME IS MISSING,"",7506c378f9f4066485cb11b7b9f3cb23,"","",NO ADDRESS,NO ADDRESS
351,"","",16,"",STREET NAME IS MISSING,"",e49b4c046ab88469bc36d34c3519cf57,"","",NO ADDRESS,NO ADDRESS
352,"","",16,"",STREET NAME IS MISSING,"",3bc8befcc81e26f8b95e7867c76ac2e0,"","",NO ADDRESS,NO ADDRESS
353,"","",16,"",STREET NAME IS MISSING,"",e240e1073307852b6be48617b380e110,"","",NO ADDRESS,NO ADDRESS
354,"","",16,"",STREET NAME IS MISSING,"",3e7652f8b1749b6b52631608cea8d89c,"","",NO ADDRESS,NO ADDRESS
355,"","",16,"",STREET NAME IS MISSING,"",dea91642aa4a3c1ddb5360fc5fbde87f,"","",NO ADDRESS,NO ADDRESS
356,"","",16,"",STREET NAME IS MISSING,"",29be65e1d436b8b6c13d502e4855e4e8,"","",NO ADDRESS,NO ADDRESS
357,"","",16,"",STREET NAME IS MISSING,"",50d2ecaf81a48f813bdab2e44c5fdd84,"","",NO ADDRESS,NO ADDRESS
358,"","",16,"",STREET NAME IS MISSING,"",10f590d3dc1ad21109c2f68b5326ee31,"","",NO ADDRESS,NO ADDRESS
359,"","",16,"",STREET NAME IS MISSING,"",e1233edc4867d76718d84e39391cec41,"","",NO ADDRESS,NO ADDRESS
360,"","",16,"",STREET NAME IS MISSING,"",f45d88d95123f2f37302de850dae96dd,"","",NO ADDRESS,NO ADDRESS
361,"","",16,"",STREET NAME IS MISSING,"",95351c2e4dff22981309979be4524fb3,"","",NO ADDRESS,NO ADDRESS
362,"","",16,"",STREET NAME IS MISSING,"",f5b9af3de7c4706a86fdd3a4497119d1,"","",NO ADDRESS,NO ADDRESS
363,"","",16,"",STREET NAME IS MISSING,"",4e1fb2627d4c200f0c36b2dd584fb7e0,"","",NO ADDRESS,NO ADDRESS
364,"","",16,"",STREET NAME IS MISSING,"",5f02add77235e4f0d6edfc8a8fd30bb0,"","",NO ADDRESS,NO ADDRESS
365,"","",16,"",STREET NAME IS MISSING,"",f9a65d3d7ce242976b73f9713b93a428,"","",NO ADDRESS,NO ADDRESS
366,"","",16,"",STREET NAME IS MISSING,"",63e8bcd778ba1fb0736e0cf4b6eca74a,"","",NO ADDRESS,NO ADDRESS
367,"","",16,"",STREET NAME IS MISSING,"",c64cf524655e2c319578f0fec101fad8,"","",NO ADDRESS,NO ADDRESS
368,"","",16,"",STREET NAME IS MISSING,"",8bd09edf92383a49d912967adcbf5b00,"","",NO ADDRESS,NO ADDRESS
369,"","",16,"",STREET NAME IS MISSING,"",401d1e5ba4aaec2e48806e076d10f363,"","",NO ADDRESS,NO ADDRESS
370,"","",16,"",STREET NAME IS MISSING,"",402bdb7639b104d44b25464c0c55118a,"","",NO ADDRESS,NO ADDRESS
371,"","",16,"",STREET NAME IS MISSING,"",3e1dd5ef2970e9169530a927d99f1fd5,"","",NO ADDRESS,NO ADDRESS
372,"","",16,"",STREET NAME IS MISSING,"",4cb4f28a0e93574b90bd7a1af689e6ea,"","",NO ADDRESS,NO ADDRESS
373,"","",16,"",STREET NAME IS MISSING,"",4c1db688291208fc19316ae8ed7cd17c,"","",NO ADDRESS,NO ADDRESS
374,"","",16,"",STREET NAME IS MISSING,"",181d0f817a3eaa34d606987e8e1c85da,"","",NO ADDRESS,NO ADDRESS
375,"","",16,"",STREET NAME IS MISSING,"",ae9a5dc9dd9a0d0ea32d6913c48568ef,"","",NO ADDRESS,NO ADDRESS
376,"","",16,"",STREET NAME IS MISSING,"",d4679f9b186089538adc345cfcae65f7,"","",NO ADDRESS,NO ADDRESS
377,"","",16,"",STREET NAME IS MISSING,"",5b1c708815eacf1b06617e22a270a8cf,"","",NO ADDRESS,NO ADDRESS
378,"","",16,"",STREET NAME IS MISSING,"",27ec48b064399a6e462e75cee1782d36,"","",NO ADDRESS,NO ADDRESS
379,"","",16,"",STREET NAME IS MISSING,"",5f7d6ba2c4620e588b6e355365adbc24,"","",NO ADDRESS,NO ADDRESS
380,"","",16,"",STREET NAME IS MISSING,"",f10d4ec5be23930b235918f7626bce5d,"","",NO ADDRESS,NO ADDRESS
381,"","",EE,"",'PROSEPCT PLACE' NOT RECOGNIZED. THERE ARE 010 SIMILAR NAMES.,"",53054f82c0701fe11ee24b218a2f36e4,691,PROSEPCT PLACE,691 PROSEPCT PLACE,691 PROSEPCT PLACE
382,"","",16,"",STREET NAME IS MISSING,"",24d6a1dcbf78986516067e69ff5fcf32,"","",NO ADDRESS,NO ADDRESS
383,"","",16,"",STREET NAME IS MISSING,"",acf5f14afda981bd03c1906eab15b24b,"","",NO ADDRESS,NO ADDRESS
384,"","",42,"",ADDRESS NUMBER OUT OF RANGE,"",5e5b55e746df9b1094ed99f01384f968,197,DAVIDSON AVENUE,197 DAVIDSON AVENUE,197 DAVIDSON AVENUE
385,"","",16,"",STREET NAME IS MISSING,"",8ee4c1703ec9a103763901d54c138ed6,"","",NO ADDRESS,NO ADDRESS
386,"","",42,"",ADDRESS NUMBER OUT OF RANGE,"",82b3fb94b1c1f3355638fb557b40733d,197,DAVIDSON AVENUE,197 DAVIDSON AVENUE,197 DAVIDSON AVENUE
387,"","",16,"",STREET NAME IS MISSING,"",55145d6fe292177358f49f45f6eae673,"","",NO ADDRESS,NO ADDRESS
388,"","",16,"",STREET NAME IS MISSING,"",abc13c8cc12f269a75b4e201c21a392f,"","",NO ADDRESS,NO ADDRESS
389,"","",16,"",STREET NAME IS MISSING,"",83b013cba402015ebc77fe507242027c,"","",NO ADDRESS,NO ADDRESS
390,"","",16,"",STREET NAME IS MISSING,"",dd31366c7e42d988c9158a74bb8de628,"","",NO ADDRESS,NO ADDRESS
391,"","",16,"",STREET NAME IS MISSING,"",3a601c2d5a7f532f05180c705fe2cbde,"","",NO ADDRESS,NO ADDRESS
392,"","",42,"",ADDRESS NUMBER OUT OF RANGE,"",6fb8aafc07e92f90199d8871fd061623,221-33,45 DRIVE,221-33 45 DRIVE,221-33 45 DRIVE
393,"","",16,"",STREET NAME IS MISSING,"",86083910b649811ff6a63d60718c11fe,"","",NO ADDRESS,NO ADDRESS
394,"","",42,"",ADDRESS NUMBER OUT OF RANGE,"",dff648fba2bc073ef5ca0d48dd126717,103,CORONA AVENUE,103 CORONA AVENUE,103 CORONA AVENUE
395,"","",13,"",ADDRESS NUMBER HAS INVALID HYPHENATION FOR THIS STREET,"",2003a5ce0a9d9a63c75cf8193db947f7,69,WOODSIDE AVENUE,69 WOODSIDE AVENUE,69 WOODSIDE AVENUE
396,"","",13,"",ADDRESS NUMBER HAS INVALID HYPHENATION FOR THIS STREET,"",51856c88a025e17f284bb9b6272b2b71,94,JUNCTION BOULEVARD,94 JUNCTION BOULEVARD,94 JUNCTION BOULEVARD
397,"","",13,"",ADDRESS NUMBER HAS INVALID HYPHENATION FOR THIS STREET,"",3a3d6ae5367fd976cfcb978429f21eda,76,ROOSEVELT AVENUE,76 ROOSEVELT AVENUE,76 ROOSEVELT AVENUE
398,"","",16,"",STREET NAME IS MISSING,"",6aeed89aa6c7d499193533dc6d3b470a,"","",NO ADDRESS,NO ADDRESS
399,"","",16,"",STREET NAME IS MISSING,"",daede1d8d9c4ffbef63b10fffdd275d6,"","",NO ADDRESS,NO ADDRESS
400,"","",42,"",ADDRESS NUMBER OUT OF RANGE,"",e3e6905174f6b72249ad4e7ac7b51f88,161,JAMAICA AVENUE,161 JAMAICA AVENUE,161 JAMAICA AVENUE
401,"","",16,"",STREET NAME IS MISSING,"",0dc22992b871591c9f4d9df5d5306d18,"","",NO ADDRESS,NO ADDRESS
402,"","",16,"",STREET NAME IS MISSING,"",c81319d0b6ec4f53081491cf0da2aea6,"","",NO ADDRESS,NO ADDRESS
403,"","",16,"",STREET NAME IS MISSING,"",a07636327d115fa9a92ad4b53a9f3384,"","",NO ADDRESS,NO ADDRESS
404,"","",16,"",STREET NAME IS MISSING,"",bec8c696d6be21b9ef0633bd8abdb4b2,"","",NO ADDRESS,NO ADDRESS
405,"","",16,"",STREET NAME IS MISSING,"",4e41bd92c67e8154919147f562cdfaae,"","",NO ADDRESS,NO ADDRESS
406,"","",16,"",STREET NAME IS MISSING,"",2d4b2e50aae765677cd15779e1fdd72b,"","",NO ADDRESS,NO ADDRESS
407,"","",16,"",STREET NAME IS MISSING,"",c692b3c679fa0421e80f4109a7b802aa,"","",NO ADDRESS,NO ADDRESS
408,"","",16,"",STREET NAME IS MISSING,"",707d8b0e9a85df6d141ca5fa7a584d7d,"","",NO ADDRESS,NO ADDRESS
409,"","",16,"",STREET NAME IS MISSING,"",4419ddd2c0798d448952bdceb9f7527d,"","",NO ADDRESS,NO ADDRESS
410,"","",16,"",STREET NAME IS MISSING,"",e147ee09e982184834cb943de2cb30f5,"","",NO ADDRESS,NO ADDRESS
411,"","",16,"",STREET NAME IS MISSING,"",5ebebd042fb71f23fe5a81b1d27d9a13,"","",NO ADDRESS,NO ADDRESS
412,"","",16,"",STREET NAME IS MISSING,"",c8af2eaf1decf1764bf86555bbedc762,"","",NO ADDRESS,NO ADDRESS
413,"","",16,"",STREET NAME IS MISSING,"",fe59da4bd713cfc8e6f48b72fc05a585,"","",NO ADDRESS,NO ADDRESS
414,"","",16,"",STREET NAME IS MISSING,"",8a3db2b96bd0499b57efca115e56a04c,"","",NO ADDRESS,NO ADDRESS
415,"","",16,"",STREET NAME IS MISSING,"",78c692d9222eb99df127c4dfb2f57f4b,"","",NO ADDRESS,NO ADDRESS
416,"","",16,"",STREET NAME IS MISSING,"",2c22ee50c47fad82e5df80a41c3d9608,"","",NO ADDRESS,NO ADDRESS
417,"","",16,"",STREET NAME IS MISSING,"",e39095a2d9c5abd60bdf18cd5695b356,"","",NO ADDRESS,NO ADDRESS
418,"","",16,"",STREET NAME IS MISSING,"",159bacaf30b2ce91bdd74a4e7f477a99,"","",NO ADDRESS,NO ADDRESS
419,"","",16,"",STREET NAME IS MISSING,"",afeb62849cdf9138acc590bcd199abb3,"","",NO ADDRESS,NO ADDRESS
420,"","",42,"",ADDRESS NUMBER OUT OF RANGE,"",92b0ad29514a08c32677a666ff7ba301,76-11,37 STREET,76-11 37 STREET,76-11 37 STREET
421,"","",16,"",STREET NAME IS MISSING,"",7dbcc66163e85dabe74e76edfc47f7fa,"","",NO ADDRESS,NO ADDRESS
422,"","",42,"",ADDRESS NUMBER OUT OF RANGE,"",8a2ea646bf7160ee2d5f6ad4edb13eca,213,JOHNSON STREET,213 JOHNSON STREET,213 JOHNSON STREET
423,"","",16,"",STREET NAME IS MISSING,"",d46b08384afecefb05498cfcd3ec8017,"","",NO ADDRESS,NO ADDRESS
424,"","",42,"",ADDRESS NUMBER OUT OF RANGE,"",32f16fd09f461c8ea20cd731cb846364,1143,ANDREWS AVENUE,1143 ANDREWS AVENUE,1143 ANDREWS AVENUE
425,"","",16,"",STREET NAME IS MISSING,"",0d9ae844076ae60237111cf615a000e5,"","",NO ADDRESS,NO ADDRESS
426,"","",16,"",STREET NAME IS MISSING,"",f47c2c40b91befce5617736f532b958a,"","",NO ADDRESS,NO ADDRESS
427,"","",EE,"",'THOMAS BOYLAND AVENUE' NOT RECOGNIZED. THERE ARE 009 SIMILAR NAMES.,"",8da5d0a5614d1caa8184edec91b4cefa,444,THOMAS BOYLAND AVENUE,444 THOMAS BOYLAND AVENUE,444 THOMAS BOYLAND AVENUE
428,"","",16,"",STREET NAME IS MISSING,"",1e62bb1ca2e9842bab10938334b75e35,"","",NO ADDRESS,NO ADDRESS
429,"","",42,"",ADDRESS NUMBER OUT OF RANGE,"",e5bea0bcd1b231277e922a4d97b78020,441,4 AVENUE,441 4 AVENUE,441 4 AVENUE
430,"","",EE,"",'CONOVER STREET' NOT RECOGNIZED. THERE ARE 010 SIMILAR NAMES.,"",1283026e77e0afb67f6141636ff74d45,173,CONOVER STREET,173 CONOVER STREET,173 CONOVER STREET
431,"","",EE,"",'BROADWAY STREET' NOT RECOGNIZED. THERE ARE 010 SIMILAR NAMES.,"",075d0ac16a2e503b90f357666e551478,1491,BROADWAY STREET,1491 BROADWAY STREET,1491 BROADWAY STREET
432,"","",EE,"",'ROCKAWAY' NOT RECOGNIZED. THERE ARE 010 SIMILAR NAMES.,"",945b82c3350a36abb83b3a3116e2bbff,142-29,ROCKAWAY,142-29 ROCKAWAY,142-29 ROCKAWAY
433,"","",EE,"",'STEUBEN STREET' NOT RECOGNIZED. THERE ARE 010 SIMILAR NAMES.,"",6757c613cbe06b9e55473c4aba5c60d6,12,STEUBEN STREET,12 STEUBEN STREET,12 STEUBEN STREET
434,"","",EE,"",'161ST' NOT RECOGNIZED. THERE ARE 005 SIMILAR NAMES.,"",596a759b8cce2381722207e5ce2e46e1,89-31,161ST,89-31 161ST,89-31 161ST
435,"","",EE,"",'EAST 179' NOT RECOGNIZED. THERE ARE 003 SIMILAR NAMES.,"",267bde182ec65468fa673cf3dfe56c60,997,EAST 179,997 EAST  179,997 EAST 179
436,"","",EE,"",'6 AVENUE/590 AVE THE AME' NOT RECOGNIZED. THERE ARE 007 SIMILAR NAMES.,"",040992683fcde5796a8acc774e35078a,590,6 AVENUE/590 AVE THE AME,590 6 AVENUE/590 AVE OF THE AME,590 6 AVENUE/590 AVE OF THE AME
437,"","",16,"",STREET NAME IS MISSING,"",c57f600f2b884954dd9f7997ab513c7d,"","",,""
438,"","",EE,"",'SANDFORD AVENUE' NOT RECOGNIZED. THERE ARE 010 SIMILAR NAMES.,"",432f5711c66d2b3e1178b35e0ef347bb,140-15B,SANDFORD AVENUE,140-15B SANDFORD AVENUE,140-15B SANDFORD AVENUE
439,"","",42,"",ADDRESS NUMBER OUT OF RANGE,"",845fd2e56e079c889ca039c35871de59,70-20,47 STREET,70-20 47 STREET,70-20 47 STREET
440,"","",16,"",STREET NAME IS MISSING,"",d8331bbd4ff1172f0d64d2ca50c11863,"","",,""
441,"","",EE,"",'AVENUE WEST' NOT RECOGNIZED. THERE ARE 010 SIMILAR NAMES.,"",1970c808df5bc9a14cf17df693bb33b4,49,AVENUE WEST,49 AVENUE WEST,49 AVENUE WEST
442,"","",EE,"",'MOSTRAND AVENUE' NOT RECOGNIZED. IS IT 'MOSOMILLO BALLFIELD'?,"",f6292f966f66535934f2bcdc993349c1,493,MOSTRAND AVENUE,493 MOSTRAND AVENUE,493 MOSTRAND AVENUE
443,"","",EE,"",'FORT INDEPENDENCE AVENUE' NOT RECOGNIZED. THERE ARE 010 SIMILAR NAMES.,"",7f88e439718d6c2cdac7740ce1cb96b8,3356,FORT INDEPENDENCE AVENUE,3356 FORT INDEPENDENCE AVENUE,3356 FORT INDEPENDENCE AVENUE
444,"","",EE,"",'SOUNDVIEW' NOT RECOGNIZED. THERE ARE 010 SIMILAR NAMES.,"",b0505de9d48f950fc9a0b77e6636f0a8,575,SOUNDVIEW,575 SOUNDVIEW,575 SOUNDVIEW
445,1032452,0199362,00,"","","",ec578d362e0ef8c291b21f9c59349679,126-01,82nd Avenue,126-01 82nd Avenue,126-01 82nd Avenue
446,"","",EE,"",'KINGSBOROUGH' NOT RECOGNIZED. THERE ARE 010 SIMILAR NAMES.,"",5ccaaf3f437ec5defd7e3dfa10da2004,342,Kingsborough,342 Kingsborough,342 Kingsborough
447,"","",11,"",'E N Y AVENUE' NOT RECOGNIZED. THERE ARE NO SIMILAR NAMES,"",7d1239ad7fa55fcf59225d1924532cb5,1620,E N Y Avenue,1620 E N Y Avenue,1620 E N Y Avenue
448,"","",EE,"",'FARRAGUT AVENUE' NOT RECOGNIZED. THERE ARE 010 SIMILAR NAMES.,"",b34dc40ac7d1e57a20af733c9d578d1e,5816,Farragut Avenue,5816 Farragut Avenue,5816 Farragut Avenue
449,"","",11,"",'E N Y AVENUE' NOT RECOGNIZED. THERE ARE NO SIMILAR NAMES,"",7569e0f86d67db213392ff2154457f47,1440,E N Y Avenue,1440 E N Y Avenue,1440 E N Y Avenue
450,"","",EE,"",'EAST 13TH SREET' NOT RECOGNIZED. THERE ARE 002 SIMILAR NAMES.,"",2ae758f8b6a8d2951910ab8b05aeb27f,611,East 13th Sreet,611 East 13th Sreet,611 East 13th Sreet
451,"","",11,"",'RKWAY BEACH BLVD' NOT RECOGNIZED. THERE ARE NO SIMILAR NAMES,"",482b65c5dfe41bda2bdb50b7a7973a20,82-10,Rkway Beach Blvd,82-10 Rkway Beach Blvd,82-10 Rkway Beach Blvd
452,"","",11,"",'RKWAY BEACH BLVD' NOT RECOGNIZED. THERE ARE NO SIMILAR NAMES,"",eb425c61ff831d70278e415e257b722c,81-14,Rkway Beach Blvd,81-14 Rkway Beach Blvd,81-14 Rkway Beach Blvd
453,"","",EE,"",'BEACH 56TH STREEET' NOT RECOGNIZED. THERE ARE 010 SIMILAR NAMES.,"",131ac98fbd7d204a7267ef0fc3ca9d09,338,Beach 56th Streeet,338 Beach 56th Streeet,338 Beach 56th Streeet
454,"","",EE,"",'BRABANT STEET' NOT RECOGNIZED. THERE ARE 010 SIMILAR NAMES.,"",e493465648822bf4405ef8af8fdd10b4,157,Brabant Steet,157 Brabant Steet,157 Brabant Steet
455,"","",11,"",'E N Y AVENUE' NOT RECOGNIZED. THERE ARE NO SIMILAR NAMES,"",7409d7270e39aaad8a07e52d8b8bacb0,1592,E N Y Avenue,1592 E N Y Avenue,1592 E N Y Avenue
456,"","",EE,"",'EAST 6TH SREET' NOT RECOGNIZED. THERE ARE 002 SIMILAR NAMES.,"",85e2ad2f20ffb6848e4b71c56ba88040,888,East 6th Sreet,888 East 6th Sreet,888 East 6th Sreet
457,"","",42,"",ADDRESS NUMBER OUT OF RANGE,"",2fdcb41247074bd6da2bdbc3d33938b1,34-35A,12th Street,34-35A 12th Street,34-35A 12th Street
458,1002972,0195136,00,"","","",9a23748d223d28d5accb11cf06f30a45,25,CENTRAL AVENUE,25 CENTRAL AVENUE,25 CENTRAL AVENUE
459,1003640,0203902,00,"","","",adc00952e0a590bdc51c6d09d90d40c1,475,Scott Avenue,475 Scott Avenue,475 Scott Avenue
460,"","",EE,"",'AVENUE C EAST 16TH STREET' NOT RECOGNIZED. THERE ARE 010 SIMILAR NAMES.,"",2417977ab517ea63abae7adca6d6e688,276-290,Avenue C East 16th Street,276-290 Avenue C ( East 16th Street),276-290 Avenue C East 16th Street
461,"","",13,"",INPUT CONTAINS NO ADDRESS NUMBER,"",6f9704dfe070601f687df089397a1467,"",Willlets Point Blvd,Willlets Point Blvd,Willlets Point Blvd
462,"","",16,"",STREET NAME IS MISSING,"",1affa4d9210b085430979db34d42c01a,"","",bellow the Williamsburg Bridge on the Manhattan side near..,bellow the Williamsburg Bridge on the Manhattan side near
463,"","",16,"",STREET NAME IS MISSING,"",ad8d45cb1964e3aef6311e6683a38e61,"","",Queens Plaza South and 10th Street/Under Queensboro Bridge,Queens Plaza South and 10th Street/Under Queensboro Bridge
464,"","",16,"",STREET NAME IS MISSING,"",daba34b8ae5d2cb9960561e510b35e80,"","",Rikers Island Correctional Facility,Rikers Island Correctional Facility
465,"","",EE,"",'BRONX RIVER AVERNE' NOT RECOGNIZED. THERE ARE 010 SIMILAR NAMES.,"",869f5f6c04cbb7b3c8cf03261ca7224e,1125,BRONX RIVER AVERNE,1125 BRONX RIVER AVERNE,1125 BRONX RIVER AVERNE
466,"","",13,"",INPUT CONTAINS NO ADDRESS NUMBER,"",18452f07e56c0876d7fe897e2ad5da9a,"",HAMILTON Avenue,HAMILTON Avenue,HAMILTON Avenue
467,1003640,0203902,00,"","","",904acb5a8ab0847a684d73f68b4d5541,475,Scott Avenue,475 Scott Avenue,475 Scott Avenue
468,"","",13,"",INPUT CONTAINS NO ADDRESS NUMBER,"",18ccaed9a360786dfc5331eab8229692,"",West 59th Street Westside Highway,West 59th Street & Westside Highway,West 59th Street & Westside Highway
469,1002358,0205701,00,"","","",ccf057eb73e5971764b89b649c16b2bf,38-22,Review Avenue,38-22 Review Avenue,38-22 Review Avenue
470,1026575,0219733,00,"","","",e34d0e2485cacf5c8b26736320677cb2,120-15,31st Avenue,120-15 31st Avenue,120-15 31st Avenue
471,"","",16,"",STREET NAME IS MISSING,"",2b0d865ad69619c8dc57169711306699,"","",Muldoon Aveneu,Muldoon Aveneu
472,1008824,0175975,00,"","","",94b7b03efbbe2082cd3b8670e5e7ff04,771,East 94th Street,771 East 94th Street,771 East 94th Street
473,"","",42,"",ADDRESS NUMBER OUT OF RANGE,"",8fd9c137b8dfa7494e8e4e67ab880662,769,E 69th Street,769 E. 69th Street,769 E 69th Street
474,1007473,0256162,00,"","","",59f1e46607b2d0f5d48a22a7a483e4e9,5041,Broadway,5041 Broadway,5041 Broadway
475,"","",EE,"",'JENNINGS STREET' NOT RECOGNIZED. THERE ARE 002 SIMILAR NAMES.,"",eb94c082eb859fa5ea382b85b2b042ae,1001,Jennings Street,1001 Jennings Street,1001 Jennings Street
476,1038131,0193331,00,"","","",0e271ade056a12004b44496cd7cdaeed,97-04,Sutphin Boulevard,97-04 Sutphin Boulevard,97-04 Sutphin Boulevard
477,0980858,0196897,00,"","","",d4fd8067dcd1560723f01ead8c19a06e,65,Broadway,"65 Broadway, 21st Floor",65 Broadway
478,1000175,0179871,00,"","","",a168c58304a7b5cba92f9e78a9dd8267,550,Kingston Avenue,550 Kingston Avenue,550 Kingston Avenue
479,1011551,0200103,00,"","","",3ac6a55bfb83cc1b97bd9fdb1abb8f67,60-40,Fresh Pond Road,60-40 Fresh Pond Road,60-40 Fresh Pond Road
480,1000478,0232483,00,"","","",2ffee60e29b9d05d1034f3d41a6a20d7,1919,Madison Avenue,1919 Madison Avenue,1919 Madison Avenue
481,0997591,0227265,00,"","","",f42bc6e3962d0843aecc964150668745,1470,Madison Avenue,1470 Madison Avenue,1470 Madison Avenue
482,1002454,0212992,00,"","","",9bd35905dc8c36ef19ecde0026652477,30-46,Northern Boulevard,30-46 Northern Boulevard,30-46 Northern Boulevard
483,0995695,0194305,00,"","","",7306fea9865f34d162b886ac6466b238,18,Heyward Street,18 Heyward Street,18 Heyward Street
484,0989314,0149908,00,"","","",3eb57da0e326642d4c161565ee5700f6,2846,Stillwell Avenue,2846 Stillwell Avenue,2846 Stillwell Avenue
485,0935294,0136321,00,"","","",047da9e4632dd0c19774bae9af626c88,30,Sneden Avenue,30 Sneden Avenue,30 Sneden Avenue
486,0978373,0174275,00,"","","",166246a3b99dff9a9b897bf7f8764abb,5718,2nd Avenue,5718 2nd Avenue,5718 2nd Avenue
487,0983871,0185208,00,"","","",f92791f9a5dd0869ccac7ce1179402c3,133,Mill Street,133 Mill Street,133 Mill Street
488,0995698,0193586,00,"","","",4ce8a8a230fe5221ef9b8236c6119723,35,Franklin Avenue,35 Franklin Avenue,35 Franklin Avenue
489,"","",EE,"",'N 5TH ST-APT' NOT RECOGNIZED. IS IT 'NORTH    5 STREET'?,"",4e90e12e30358efc26e7c14bf759f4db,55,N 5TH ST-APT,55 N 5TH ST-APT E703,55 N 5TH ST-APT
490,"","",EE,"",'83RD ST-' NOT RECOGNIZED. THERE ARE 005 SIMILAR NAMES.,"",8cc531fb9596cf15bb87bbc53fc6ecdb,35-33,83RD ST-,35-33 83RD ST-#F1,35-33 83RD ST-
491,"","",EE,"",'TELEPORT' NOT RECOGNIZED. THERE ARE 002 SIMILAR NAMES.,"",94848fc216c1dff416367eea6e2c3f86,2,TELEPORT,2 TELEPORT DR-2ND FL,2 TELEPORT
492,"","",EE,"",'SHEEPSHEAD BAY RD S' NOT RECOGNIZED. THERE ARE 010 SIMILAR NAMES.,"",19a90ff510a9d81288ffd906ebc8cf1b,1733,SHEEPSHEAD BAY RD S,1733 SHEEPSHEAD BAY RD S 36,1733 SHEEPSHEAD BAY RD S
493,"","",EE,"",'176 EAST 128TH ST' NOT RECOGNIZED. THERE ARE 002 SIMILAR NAMES.,"",d5fe7950243ea4f6ba5481b534e7112b,144,176 EAST 128TH ST,144 176 EAST 128TH ST,144 176 EAST 128TH ST
494,"","",13,"",INPUT CONTAINS NO ADDRESS NUMBER,"",e9507c45e1517074a50763dc5ff824ed,"",East 160th Street,East 160th Street,East 160th Street
495,"","",13,"",INPUT CONTAINS NO ADDRESS NUMBER,"",3f27751e0150a349b46d2d060bd76c9e,"",First Avenue 16th St,First Avenue and 16th St,First Avenue and 16th St
496,"","",41,"",THIS STREET HAS NO ADDRESSES,"",21c6d920877abaa8ba30dee8bad25ec0,25,Elm Street,25 Elm Street,25 Elm Street
497,"","",EE,"",'HEMPSTEAD TPKE' NOT RECOGNIZED. THERE ARE 003 SIMILAR NAMES.,"",98e85f4e5f37de4d8090841d4ebfb72f,2150,Hempstead Tpke,2150 Hempstead Tpke,2150 Hempstead Tpke
498,"","",11,"",'DOGWOOD AVE' NOT RECOGNIZED. THERE ARE NO SIMILAR NAMES,"",4b68aa7bc2a0261d9ae5165028bc1dfd,340,Dogwood Ave,340 Dogwood Ave,340 Dogwood Ave
499,"","",11,"",'NORTH STATION PLAZA' NOT RECOGNIZED. THERE ARE NO SIMILAR NAMES,"",ea8a8c40a2f2d770973f3216c4566f44,21,North Station Plaza,21 North Station Plaza,21 North Station Plaza
500,"","",EE,"",'HERRICKS RD' NOT RECOGNIZED. THERE ARE 006 SIMILAR NAMES.,"",762eb1ad133035f418643f62a5a2e7f9,151,Herricks Rd,151 Herricks Rd,151 Herricks Rd
501,"","",13,"",INPUT CONTAINS NO ADDRESS NUMBER,"",b96a5b644ac5a9369269ae3450bfd326,"",East 160th Street,East 160th Street,East 160th Street
502,"","",13,"",INPUT CONTAINS NO ADDRESS NUMBER,"",a967f1b324c9e1254d0e498a4d739a64,"",First Avenue 16th St,First Avenue and 16th St,First Avenue and 16th St
503,"","",13,"",INPUT CONTAINS NO ADDRESS NUMBER,"",f030e8a040fbda31166c36869e4ad911,"",East 160th Street,East 160th Street,East 160th Street
504,"","",13,"",INPUT CONTAINS NO ADDRESS NUMBER,"",585caf8d522ee111ea4bce2f198e8e53,"",East 160th Street,East 160th Street,East 160th Street
505,"","",13,"",INPUT CONTAINS NO ADDRESS NUMBER,"",e03e36083a054c3f53767c005f4159f8,"",First Avenue 16th St,First Avenue and 16th St,First Avenue and 16th St
506,"","",13,"",INPUT CONTAINS NO ADDRESS NUMBER,"",8d08058f73587c009e4a6c8dfaedf6be,"",First Avenue 16th St,First Avenue and 16th St,First Avenue and 16th St
507,"","",13,"",INPUT CONTAINS NO ADDRESS NUMBER,"",c28ad129ed5dcf6a662c192e91c0ead4,"",First Avenue 16th St,First Avenue and 16th St,First Avenue and 16th St
508,"","",13,"",INPUT CONTAINS NO ADDRESS NUMBER,"",57c17890b9c3beb9b6aab3b9d970b354,"",First Avenue 16th St,First Avenue and 16th St,First Avenue and 16th St
509,"","",13,"",INPUT CONTAINS NO ADDRESS NUMBER,"",2cda11ee18d0ef701a14271d62c62e8e,"",First Avenue 16th St,First Avenue and 16th St,First Avenue and 16th St
510,"","",13,"",INPUT CONTAINS NO ADDRESS NUMBER,"",32ba159cc1674e622d7bb21a6a677770,"",First Avenue 16th St,First Avenue and 16th St,First Avenue and 16th St
511,"","",13,"",INPUT CONTAINS NO ADDRESS NUMBER,"",c27dea9da7930fb33ad3ba58185d4a58,"",First Avenue 16th St,First Avenue and 16th St,First Avenue and 16th St
512,"","",13,"",INPUT CONTAINS NO ADDRESS NUMBER,"",e2052fc24896e227052e0672bef4be03,"",First Avenue 16th St,First Avenue and 16th St,First Avenue and 16th St
513,"","",13,"",INPUT CONTAINS NO ADDRESS NUMBER,"",07f1eec34e9756fda5ae89929ccce0f4,"",First Avenue 16th St,First Avenue and 16th St,First Avenue and 16th St
514,"","",13,"",INPUT CONTAINS NO ADDRESS NUMBER,"",3aeede4475da215680b3430c0c676754,"",First Avenue 16th St,First Avenue and 16th St,First Avenue and 16th St
515,"","",13,"",INPUT CONTAINS NO ADDRESS NUMBER,"",2445e4defcfba0f6b7520aec0523fb98,"",First Avenue 16th St,First Avenue and 16th St,First Avenue and 16th St
516,"","",13,"",INPUT CONTAINS NO ADDRESS NUMBER,"",ca183087812db4515cd9090857245b7e,"",First Avenue 16th St,First Avenue and 16th St,First Avenue and 16th St
517,"","",13,"",INPUT CONTAINS NO ADDRESS NUMBER,"",d1d1e8127ca150a043f0bfedbdfa6f1e,"",E 105th Street,E 105th Street,E 105th Street
518,"","",13,"",INPUT CONTAINS NO ADDRESS NUMBER,"",914774ec6d4c78ec6eee9c1ee63109f6,"",East 160th Street,East 160th Street,East 160th Street
519,"","",13,"",INPUT CONTAINS NO ADDRESS NUMBER,"",21d24152a19ab44c5a06427680567fc8,"",Linden Boulevard Brookdale Plaza,Linden Boulevard & Brookdale Plaza,Linden Boulevard & Brookdale Plaza
520,"","",13,"",INPUT CONTAINS NO ADDRESS NUMBER,"",427ad59fb7f271fcbb57bc9ec7e86bf3,"",Linden Boulevard Brookdale Plaza,Linden Boulevard & Brookdale Plaza,Linden Boulevard & Brookdale Plaza
521,"","",EE,"",'WYCOFF AVENUE' NOT RECOGNIZED. THERE ARE 010 SIMILAR NAMES.,"",b15ac5737c101cdbed4d4833691fbc40,315,Wycoff Avenue,315 Wycoff Avenue,315 Wycoff Avenue
522,"","",EE,"",'ELEVENTH AVENUE' NOT RECOGNIZED. THERE ARE 003 SIMILAR NAMES.,"",6525e386827914b239ffc4d462f4795e,5216,Eleventh Avenue,5216 Eleventh Avenue,5216 Eleventh Avenue
523,"","",EE,"",'DEVEBOISE STREET' NOT RECOGNIZED. THERE ARE 002 SIMILAR NAMES.,"",e44b30424e555c47ae1658ed7c0fef09,28,Deveboise Street,28 Deveboise Street,28 Deveboise Street
524,"","",EE,"",'16TH STREET' NOT RECOGNIZED. THERE ARE 002 SIMILAR NAMES.,"",b1fa5216f092c8e2dd0a2c10ff077f0d,At,16th Street,First Avenue At 16th Street,First Avenue At 16th Street
525,0984587,0213816,00,"","","",0310e1355222e3043c3a6376530bac0e,446,West 33rd Street,446 West 33rd Street,446 West 33rd Street
526,"","",EE,"",'WEST 125TH STEET' NOT RECOGNIZED. IS IT 'WEST  125 STREET'?,"",3bca9c214ff90f896eae7c32ba49c87f,163,West 125th Steet,163 West 125th Steet,163 West 125th Steet
527,"","",16,"",STREET NAME IS MISSING,"",5f0f6cd11491f412228c39b617bcbbb8,"","",Wards Island Complex,Wards Island Complex
528,"","",EE,"",'PENN PLAZA' NOT RECOGNIZED. THERE ARE 003 SIMILAR NAMES.,"",5ffdcfbcf6458548f99c2e45276ffe6f,1,Penn Plaza,1 Penn Plaza,1 Penn Plaza
529,"","",EE,"",'PENN PLAZA' NOT RECOGNIZED. THERE ARE 003 SIMILAR NAMES.,"",4fe3cdddc4423117722134efd239f3ce,1,Penn Plaza,1 Penn Plaza,1 Penn Plaza
530,"","",13,"",ADDRESS NBR 27TH ST  HAS AN UNKNOWN OR INVALID SUFFIX/ENDING.,"",a3cc6aca62573e7defad590cd0e3fadc,"",27th St First Avenue,27th St & First Avenue,27th St & First Avenue
531,"","",13,"",ADDRESS NBR 27TH ST  HAS AN UNKNOWN OR INVALID SUFFIX/ENDING.,"",d8ba0890c367ed94a7d4a14d338f6369,"",27th St First Avenue,27th St & First Avenue,27th St & First Avenue
532,"","",13,"",ADDRESS NBR 27TH ST  HAS AN UNKNOWN OR INVALID SUFFIX/ENDING.,"",173ada00be8a92649cce6982c3a2a295,"",27th St First Avenue,27th St & First Avenue,27th St & First Avenue
533,"","",EE,"",'THIRD AVENUE 119TH STREET' NOT RECOGNIZED. THERE ARE 008 SIMILAR NAMES.,"",bd25447725f9be0e9158d666a0230132,2180,Third Avenue 119th Street,2180 Third Avenue @ 119th Street,2180 Third Avenue 119th Street
534,"","",EE,"",'THIRD AVENUE 119TH STREET' NOT RECOGNIZED. THERE ARE 008 SIMILAR NAMES.,"",beb8c7dd517265e156e02fbb85d63485,2180,Third Avenue 119th Street,2180 Third Avenue @ 119th Street,2180 Third Avenue 119th Street
535,"","",16,"",STREET NAME IS MISSING,"",79ea8eb6b6316ef4e159d6b5e8e939c6,"","",Madison Square Station,Madison Square Station
536,"","",16,"",STREET NAME IS MISSING,"",4d9f91c771d12cd3a41ae966360f1af3,"","",Different Sites,Different Sites
537,"","",13,"",INPUT CONTAINS NO ADDRESS NUMBER,"",f831777e08390e0d5bf6eb7b67a463e6,"",W 114th St Amsterdam Ave,W. 114th St. And Amsterdam Ave.,W 114th St And Amsterdam Ave
538,"","",EE,"",'118TH STREET' NOT RECOGNIZED. THERE ARE 003 SIMILAR NAMES.,"",296cf34fdea060f966d7d6adfca9dc2c,14-32,118th Street,14-32 118th Street,14-32 118th Street
539,"","",16,"",STREET NAME IS MISSING,"",b76972354e1c5d5b4e6c49da281f091e,"","",c/o John Maclay,c/o John Maclay
540,"","",16,"",STREET NAME IS MISSING,"",95fa50e37962ae8f61896d4f3ef10457,"","",P.O. Box 6205,PO Box 6205
541,"","",EE,"",'PARK PLACE 100 CHURCH STREET' NOT RECOGNIZED. THERE ARE 010 SIMILAR NAMES.,"",c8c3ad5888628f4692116cbb2f0d208a,44,Park Place 100 Church Street,44 Park Place / 100 Church Street,44 Park Place 100 Church Street
542,"","",16,"",STREET NAME IS MISSING,"",c6b821af37d3379bbc86074ce74fd5cc,"","",P.O. Box 82,PO Box 82
543,"","",16,"",STREET NAME IS MISSING,"",6322811982870f20255b6aa9408f9b82,"","",PO Box 20687,PO Box 20687
544,"","",16,"",STREET NAME IS MISSING,"",4628fdc091d2ffff0d96b176891306a3,"","",PO Box 1234,PO Box 1234
545,"","",16,"",STREET NAME IS MISSING,"",cb5285c72c0880042b29210eed2ae301,"","",Bohemian National Hall,Bohemian National Hall
546,"","",16,"",STREET NAME IS MISSING,"",01862edfe852a7c8cedf9838066f03c9,"","",G.P.O. Box 3093,GPO Box 3093
547,"","",16,"",STREET NAME IS MISSING,"",3a64bca2b6ed394902e6d0a8cc64aa9e,"","",c/o Xiaoshan Wen,c/o Xiaoshan Wen
548,"","",16,"",STREET NAME IS MISSING,"",b80014f7adf862148cdfe2ad8c7fa609,"","",P.O. Box 91,PO Box 91
549,"","",16,"",STREET NAME IS MISSING,"",21cfc10c9839e8c3b113f2338a1c6e89,"","",Po Box 559,Po Box 559
550,"","",16,"",STREET NAME IS MISSING,"",676c63fe503b8ff28b5ff314eb008a16,"","",P.O. Box 20029,PO Box 20029
551,"","",16,"",STREET NAME IS MISSING,"",8a374728bdaffb3ee1dc71a3bea4a8f1,"","",P.O. Box 70711,PO Box 70711
552,"","",16,"",STREET NAME IS MISSING,"",2625f7b58dec717e9dff6757d66fd632,"","",P.O. Box 250646,PO Box 250646
553,"","",16,"",STREET NAME IS MISSING,"",569420b637d0b583f1a19d243a54c768,"","",P.O. Box 1580,PO Box 1580
554,"","",16,"",STREET NAME IS MISSING,"",4b35650201a59b2e4b980c72b4127486,"","",P.O. Box 573,PO Box 573
555,"","",16,"",STREET NAME IS MISSING,"",3bf522e815721591efc205fbd59fe611,"","",P.O. Box 250189,PO Box 250189
556,"","",16,"",STREET NAME IS MISSING,"",667e3944f723eb1e95167071d4cd1650,"","",c/o The Field,c/o The Field
557,"","",16,"",STREET NAME IS MISSING,"",e28296791e7df593419db504d3c4bb85,"","",P.O. Box 20178,PO Box 20178
558,"","",16,"",STREET NAME IS MISSING,"",57462c55f2113ce6d30604003fcb3ae6,"","",PO Box 150458,PO Box 150458
559,"","",16,"",STREET NAME IS MISSING,"",68cf0d5e5b7fd6804ad07ae4fdd2112c,"","",P.O. Box 140626,PO Box 140626
560,"","",16,"",STREET NAME IS MISSING,"",f9c0302c1bd3e1a55fa66b5b6f4950f5,"","",P.O. Box 30156,PO Box 30156
561,"","",16,"",STREET NAME IS MISSING,"",44c298af2a061b9e1fb2657932d7edf5,"","",The Church of St. Ignatius of Antioch,The Church of St Ignatius of Antioch
562,"","",16,"",STREET NAME IS MISSING,"",05f95a9d5c79c8d39ad8419835e3b053,"","",P.O. Box 436,PO Box 436
563,"","",16,"",STREET NAME IS MISSING,"",ba80c47214c6e5f264c2a98dbb0dc2ac,"","",P.O. Box 950398,PO Box 950398
564,"","",16,"",STREET NAME IS MISSING,"",37ea18566c32359a6c49ba7707b781a2,"","",P.O. Box 816,PO Box 816
565,"","",16,"",STREET NAME IS MISSING,"",d855d633a08442f82321557fefb14bef,"","",P.O. Box 1050,PO Box 1050
566,"","",16,"",STREET NAME IS MISSING,"",fbb377d08c8c913316ae96d17544c9a1,"","",PO Box 22935,PO Box 22935
567,"","",16,"",STREET NAME IS MISSING,"",e1d458a48d5d03774edd6a2770b3aca3,"","",P.O. Box 750809,PO Box 750809
568,"","",16,"",STREET NAME IS MISSING,"",fd8fa37d81874fde3269e30ee78f0c02,"","",P.O. Box 1200,PO Box 1200
569,"","",11,"",'EAST 19TH STREET' NOT RECOGNIZED. THERE ARE NO SIMILAR NAMES,"",af76068bb37105b8cdc535e83403881d,287,East 19th Street,"287 East 19th Street, 2nd Floor",287 East 19th Street
570,"","",16,"",STREET NAME IS MISSING,"",d5ec71f86b060ad3d5edb0a30c0201c1,"","",PO Box 1603,PO Box 1603
571,"","",EE,"",'136TH ST' NOT RECOGNIZED. THERE ARE 002 SIMILAR NAMES.,"",0438981b67a2fb0af641cdc15dd9d05c,"",136th st,136th st,136th st
572,"","",16,"",STREET NAME IS MISSING,"",db33074ae824ac05cdbf1beb9ce93105,"","",P.O. Box 143,PO Box 143
573,0981641,0184686,00,"","","",7dafe6f8fbde32b4e4f2d6753e687190,22,BAY STREET,22 BAY STREET,22 BAY STREET
574,"","",16,"",STREET NAME IS MISSING,"",dccaf15dcb7bdbb7ba98ea82427929ac,"","",,""
575,0978855,0172979,00,"","","",65a2423a925759b97ab387dfb3913e9e,343,60 STREET,343 60 STREET,343 60 STREET
576,1015793,0199916,00,"","","",1745ec928895de46a9d6256f180cf490,69-10,65 DRIVE,69-10 65 DRIVE,69-10 65 DRIVE
577,"","",16,"",STREET NAME IS MISSING,"",a5a329ab6cd6721dafbeccfe89cde50f,"","",,""
578,"","",16,"",STREET NAME IS MISSING,"",cbd8b8c6091a117bd60b6658718c015a,"","",NO ADDRESS,NO ADDRESS
579,"","",16,"",STREET NAME IS MISSING,"",a94d59317927980583f6e988c3178565,"","",NO ADDRESS,NO ADDRESS
580,"","",16,"",STREET NAME IS MISSING,"",d04f32595ad91c302f6c68135bc40843,"","",NO ADDRESS,NO ADDRESS
581,"","",16,"",STREET NAME IS MISSING,"",6e3f301d1d0a88d0757682d9d90a8d23,"","",NO ADDRESS,NO ADDRESS
582,"","",16,"",STREET NAME IS MISSING,"",c099a3772fdd91a35bb23f25375ab725,"","",NO ADDRESS,NO ADDRESS
583,"","",16,"",STREET NAME IS MISSING,"",6237c55710cae194401a3ef65bfc2638,"","",NO ADDRESS,NO ADDRESS
584,"","",16,"",STREET NAME IS MISSING,"",ad7683787d2695983bbe0ce695167e2c,"","",NO ADDRESS,NO ADDRESS
585,"","",16,"",STREET NAME IS MISSING,"",593e69903cedd067a80bcd5d0ff5b20e,"","",NO ADDRESS,NO ADDRESS
586,"","",42,"",ADDRESS NUMBER OUT OF RANGE,"",0f607ef5d3bdc7e6e963fc332f5d4b09,2552,MONTAUK AVENUE,2552 MONTAUK AVENUE,2552 MONTAUK AVENUE
587,"","",EE,"",'83 STREET' NOT RECOGNIZED. THERE ARE 002 SIMILAR NAMES.,"",26048f241db34b488c4a59c4a7b156dc,37-63,83 STREET,37-63 83 STREET,37-63 83 STREET
588,"","",16,"",STREET NAME IS MISSING,"",e0db7f50ce28a00601afbe8732c366ef,"","",PO BOX 321997,PO BOX 321997
589,"","",13,"",ADDRESS NBR HAS INVALID FORMAT FOR EDGEWATER PARK,"",55912d18dbdb596f584208688e527f54,503,5 AVENUE,503 5 AVENUE,503 5 AVENUE
590,"","",11,"",'SYNDER AVENUE' NOT RECOGNIZED. THERE ARE NO SIMILAR NAMES,"",27b91b342b67a3b3cd53bc249f1e7674,4416,SYNDER AVENUE,4416 SYNDER AVENUE,4416 SYNDER AVENUE
591,"","",EE,"",'175 PLACT' NOT RECOGNIZED. THERE ARE 002 SIMILAR NAMES.,"",5414ca4808cae2e88fe0dbfd5b62100d,114-58,175 PLACT,114-58 175 PLACT,114-58 175 PLACT
592,"","",EE,"",'EAST 105TH STEET' NOT RECOGNIZED. IS IT 'EAST  105 STREET'?,"",7bd7f887eb4c00f97d2c256c99d99673,405,East 105th Steet,405 East 105th Steet,405 East 105th Steet
593,"","",EE,"",'WEST 91ST STEET' NOT RECOGNIZED. IS IT 'WEST   91 STREET'?,"",6a4465e0d5f1f220247d1cbbdff54f3c,136,West 91st Steet,136 West 91st Steet,136 West 91st Steet
594,"","",EE,"",'EAST 98TH STEET' NOT RECOGNIZED. IS IT 'EAST   98 STREET'?,"",741b76815589a2cb3541a0f83bd52e57,115,East 98th Steet,115 East 98th Steet,115 East 98th Steet
595,"","",42,"",ADDRESS NUMBER OUT OF RANGE,"",42f340ec076ac4ee3466387d1acb00bb,34-35A,12th Street,34-35A 12th Street,34-35A 12th Street
596,"","",11,"",'SOUTH CRAIG RD' NOT RECOGNIZED. THERE ARE NO SIMILAR NAMES,"",971be989ed25d93ce63328bc99d8e695,"",South Craig Rd,South Craig Rd.,South Craig Rd
597,"","",16,"",STREET NAME IS MISSING,"",2bdb88abeaa3ab99b061b09895357f33,"","",ONE FORDHAM PLAZA 7TH FL,ONE FORDHAM PLAZA
598,"","",13,"",INPUT CONTAINS NO ADDRESS NUMBER,"",d0053477f81a1860e63ecf95e71abfe5,"",East 160th Street,East 160th Street,East 160th Street
599,"","",13,"",INPUT CONTAINS NO ADDRESS NUMBER,"",223a5daabd1be0e261642fb322e7aca4,"",First Avenue 16th St,First Avenue and 16th St,First Avenue and 16th St
600,"","",11,"",'6214-24 AVENUE' NOT RECOGNIZED. THERE ARE NO SIMILAR NAMES,"",da662bce076a43db4b9c136897815110,"",6214-24 AVENUE,6214-24 AVENUE,6214-24 AVENUE
601,"","",16,"",STREET NAME IS MISSING,"",4a170870d59b4cafe3e3792575312da9,"","",Now a Family Literacy Center,Now a Family Literacy Center
602,0986782,0192556,00,"","","",b6dad3497427744d683f87734306c8ce,300,Cadman Plaza West,300 Cadman Plaza West,300 Cadman Plaza West
603,"","",EE,"",'AVENUE BSMT' NOT RECOGNIZED. THERE ARE 010 SIMILAR NAMES.,"",48081574e641452ce3839c27dd875335,170-10 130TH,AVENUE BSMT,170-10 130TH AVENUE BSMT,170-10 130TH AVENUE BSMT
604,"","",EE,"",'BERGEN STREET' NOT RECOGNIZED. THERE ARE 005 SIMILAR NAMES.,"",583b362a090a55b2fe104d543f1bbfb2,500,BERGEN STREET,500 BERGEN STREET,500 BERGEN STREET
605,"","",EE,"",'EAST NEW YORK' NOT RECOGNIZED. THERE ARE 004 SIMILAR NAMES.,"",46fe59ca1a37e23ea0a71abc33bc92a6,1592,EAST NEW YORK,1592 EAST NEW YORK,1592 EAST NEW YORK
606,"","",EE,"",'JFK INTL AIRPORT BOULEVARD' NOT RECOGNIZED. THERE ARE 010 SIMILAR NAMES.,"",63c509498c6761deaee8a722dfb97601,1,JFK INTL AIRPORT BOULEVARD,1 JFK INTL AIRPORT BOULEVARD,1 JFK INTL AIRPORT BOULEVARD
607,"","",16,"",STREET NAME IS MISSING,"",a5d035c368ff99b4eccd6986b9168e41,"","",Space 38|39,""
608,"","",16,"",STREET NAME IS MISSING,"",2be7ac9ed9a2c2206e8080f086bee8bf,"","",PO Box 97,PO Box 97
609,"","",16,"",STREET NAME IS MISSING,"",f8f0b19bd45ef6dcf68f2450d57c7e25,"","",P.O. Box 5002,PO Box 5002
610,"","",16,"",STREET NAME IS MISSING,"",8890ed040146211a7f947ec261a6afa5,"","","PO Box 216, Lenox Hill Station",PO Box 216 Lenox Hill Station
611,"","",16,"",STREET NAME IS MISSING,"",3ebf1ac56731a66cc440277af5cdc511,"","","c/o Robert S. Perlstein, Esq.",c/o Robert S Perlstein Esq
612,"","",16,"",STREET NAME IS MISSING,"",a411cfa9b62278afdfafd6935e74f0cb,"","",P.O. Box 1090,PO Box 1090
613,"","",16,"",STREET NAME IS MISSING,"",433fc359d307372b95eb27b02c71ffea,"","",P.O.Box 1194,POBox 1194
614,"","",16,"",STREET NAME IS MISSING,"",b5181a939c2a2e7ea409e729e3fbeb6e,"","",PO Box 838,PO Box 838
615,"","",16,"",STREET NAME IS MISSING,"",4eb6c37bf91342c3ce76ca837ffaa24b,"","",Peter Stuyvesant Station,Peter Stuyvesant Station
616,"","",16,"",STREET NAME IS MISSING,"",7b732edd8eda9d6cc4f0976935f91c2a,"","",PO Box 1625,PO Box 1625
617,"","",16,"",STREET NAME IS MISSING,"",eeb98d9091a4f99953121541cdbbe5c6,"","",P.O. Box 583,PO Box 583
618,"","",16,"",STREET NAME IS MISSING,"",3e9cc2e20212ce9f69d4036ee5521f4f,"","",P.O. Box 698,PO Box 698
619,"","",42,"",ADDRESS NUMBER OUT OF RANGE,"",2987ad1cc39cb12a5c23da9583dc1b32,1580,Monroe Avenue,"1580 Monroe Avenue, #2",1580 Monroe Avenue
620,"","",16,"",STREET NAME IS MISSING,"",96988d4dc97c17b618f275ad7994abd6,"","","P.O. Box 88, Planetarium Station",PO Box 88 Planetarium Station
621,"","",16,"",STREET NAME IS MISSING,"",9e18c0a756b2d9bba5b12ce4861fb822,"","",P.O. Box 3932,PO Box 3932
622,"","",16,"",STREET NAME IS MISSING,"",55b15094311fe74565c7eb34a79cdc52,"","",P.O. Box 293,PO Box 293
623,"","",16,"",STREET NAME IS MISSING,"",a8e0e5d52f6ee049fd36043b46b132e3,"","",Trestle Gallery,Trestle Gallery
624,"","",EE,"",'EIGHT AVE' NOT RECOGNIZED. THERE ARE 003 SIMILAR NAMES.,"",d04eeced34417bf800fffee77a6c76d3,520,Eight Ave,"520 Eight Ave, Suite 316",520 Eight Ave
625,"","",16,"",STREET NAME IS MISSING,"",fac3e8d5c5225c965c8fe7fcea7aaa88,"","",P.O. Box 5134,PO Box 5134
626,"","",EE,"",'CANAL ROAD' NOT RECOGNIZED. THERE ARE 005 SIMILAR NAMES.,"",b34f9c650c843ac23e68756f0700eb2f,6,CANAL ROAD,6 CANAL ROAD,6 CANAL ROAD
627,"","",13,"",ADDRESS NUMBER HAS INVALID HYPHENATION FOR THIS STREET,"",d38e99994f012b9c2e4138bc7c508ba4,1,Honeywell St,1 Honeywell St,1 Honeywell St
628,"","",16,"",STREET NAME IS MISSING,"",6801940522b8d11abcb7c63e5edfddf5,"","",NO ADDRESS,NO ADDRESS
629,"","",16,"",STREET NAME IS MISSING,"",d8991ad46edf5f3575fb5d107dd74350,"","",NO ADDRESS,NO ADDRESS
630,"","",16,"",STREET NAME IS MISSING,"",c347ece3b7c9fbf4ee6655c26079f484,"","",NO ADDRESS,NO ADDRESS
631,"","",16,"",STREET NAME IS MISSING,"",21b968c4f68f088a9a621fd6d68c0a3d,"","",NO ADDRESS,NO ADDRESS
632,"","",16,"",STREET NAME IS MISSING,"",7beb420242b6d0df1f56998b1f766f60,"","",NO ADDRESS,NO ADDRESS
633,"","",13,"",ADDRESS NBR 19-11-21  HAS TOO MANY DASHES.,"",21384b1c07e70bf90aae6690c6f5f02b,19-11-21,JEROME AVENUE,19-11-21 JEROME AVENUE,19-11-21 JEROME AVENUE
634,"","",16,"",STREET NAME IS MISSING,"",f18ed99ded43f5edeeab64e7fb80d299,"","",PO BOX 778366,PO BOX 778366
635,"","",EE,"",'UNIVERSITY AVEUE' NOT RECOGNIZED. THERE ARE 010 SIMILAR NAMES.,"",3e64dce1178422f769a569b2649b9893,2341,UNIVERSITY AVEUE,2341 UNIVERSITY AVEUE,2341 UNIVERSITY AVEUE
636,"","",EE,"",'AVE & FLUSHING BAY' NOT RECOGNIZED. THERE ARE 010 SIMILAR NAMES.,"",36fa2bdde9a2ab4bcee7dcd7365e2686,31,AVE & FLUSHING BAY,31 AVE & FLUSHING BAY,31 AVE & FLUSHING BAY
637,"","",EE,"",'PITKEN AVENUE' NOT RECOGNIZED. THERE ARE 003 SIMILAR NAMES.,"",16d77b7ee64feea6cfc43efe1ab3c710,1885,Pitken Avenue,1885 Pitken Avenue,1885 Pitken Avenue
638,"","",EE,"",'FLUSHING AVERNUE' NOT RECOGNIZED. THERE ARE 010 SIMILAR NAMES.,"",b42f180d2e0c5ac74e11abccbb5e3416,1937 B,FLUSHING AVERNUE,1937 B FLUSHING AVERNUE,1937 B FLUSHING AVERNUE
639,1039350,0194375,00,"","","",bb2766fdc5f2d57c5bdae32499a9748a,95-49,Tuckerton Street,95-49 Tuckerton Street,95-49 Tuckerton Street
640,"","",13,"",INPUT CONTAINS NO ADDRESS NUMBER,"",dac49a8db9bc2f4d0d20703f9f31aa5b,"",East 160th Street,East 160th Street,East 160th Street
